LotArea,OverallQual,OverallCond,YearBuilt,YearRemodAdd,GrLivArea,FullBath,HalfBath,BedroomAbvGr,KitchenAbvGr,TotRmsAbvGrd,Fireplaces,GarageCars,GarageArea,SalePrice
8450,3.5,5,2003,2003,1710,2,1,3,1,8,0,2,548,208500
9600,3.0,8,1976,1976,1262,2,0,3,1,6,1,2,460,181500
11250,3.5,5,2001,2002,1786,2,1,3,1,6,1,2,608,223500
9550,3.5,5,1915,1970,1717,1,0,3,1,7,1,3,642,140000
14260,4.0,5,2000,2000,2198,2,1,4,1,9,1,3,836,250000
14115,2.5,5,1993,1995,1362,1,1,1,1,5,0,2,480,143000
10084,4.0,5,2004,2005,1694,2,0,3,1,7,1,2,636,307000
10382,3.5,6,1973,1973,2090,2,1,3,1,7,2,2,484,200000
6120,3.5,5,1931,1950,1774,2,0,2,2,8,2,2,468,129900
7420,2.5,6,1939,1950,1077,1,0,2,2,5,2,1,205,118000
11200,2.5,5,1965,1965,1040,1,0,3,1,5,0,1,384,129500
11924,4.5,5,2005,2006,2324,3,0,4,1,11,2,3,736,345000
12968,2.5,6,1962,1962,912,1,0,2,1,4,0,1,352,144000
10652,3.5,5,2006,2007,1494,2,0,3,1,7,1,3,840,279500
10920,3.0,5,1960,1960,1253,1,1,2,1,5,1,1,352,157000
6120,3.5,8,1929,2001,854,1,0,2,1,5,0,2,576,132000
11241,3.0,7,1970,1970,1004,1,0,2,1,5,1,2,480,149000
10791,2.0,5,1967,1967,1296,2,0,2,2,6,0,2,516,90000
13695,2.5,5,2004,2004,1114,1,1,3,1,6,0,2,576,159000
7560,2.5,6,1958,1965,1339,1,0,3,1,6,0,1,294,139000
14215,4.0,5,2005,2006,2376,3,1,4,1,9,1,3,853,325300
7449,3.5,7,1930,1950,1108,1,0,3,1,6,1,1,280,139400
9742,4.0,5,2002,2002,1795,2,0,3,1,7,1,2,534,230000
4224,2.5,7,1976,1976,1060,1,0,3,1,6,1,2,572,129900
8246,2.5,8,1968,2001,1060,1,0,3,1,6,1,1,270,154000
14230,4.0,5,2007,2007,1600,2,0,3,1,7,1,3,890,256300
7200,2.5,7,1951,2000,900,1,0,3,1,5,0,2,576,134800
11478,4.0,5,2007,2008,1704,2,0,3,1,7,1,3,772,306000
16321,2.5,6,1957,1997,1600,1,0,2,1,6,2,1,319,207500
6324,2.0,6,1927,1950,520,1,0,1,1,4,0,1,240,68500
8500,2.0,4,1920,1950,1317,1,0,3,1,6,0,1,250,40000
8544,2.5,6,1966,2006,1228,1,1,3,1,6,0,1,271,149350
11049,4.0,5,2007,2007,1234,2,0,3,1,7,0,2,484,179900
10552,2.5,5,1959,1959,1700,1,1,4,1,6,1,2,447,165500
7313,4.5,5,2005,2005,1561,2,0,2,1,6,1,2,556,277500
13418,4.0,5,2004,2005,2452,3,1,4,1,9,1,3,691,309000
10859,2.5,5,1994,1995,1097,1,1,3,1,6,0,2,672,145000
8532,2.5,6,1954,1990,1297,1,0,3,1,5,1,2,498,153000
7922,2.5,7,1953,2007,1057,1,0,3,1,5,0,1,246,109000
6040,2.0,5,1955,1955,1152,2,0,2,2,6,0,0,0,82000
8658,3.0,5,1965,1965,1324,2,0,3,1,6,1,2,440,160000
16905,2.5,6,1959,1959,1328,1,1,2,1,5,2,1,308,170000
9180,2.5,7,1983,1983,884,1,0,2,1,5,0,2,504,144000
9200,2.5,6,1975,1980,938,1,0,3,1,5,0,1,308,130250
7945,2.5,6,1959,1959,1150,1,0,3,1,6,0,1,300,141000
7658,4.5,5,2005,2005,1752,2,0,2,1,6,1,2,576,319900
12822,3.5,5,2003,2003,2149,1,1,1,1,6,1,2,670,239686
11096,4.0,5,2006,2006,1656,2,0,3,1,7,0,3,826,249700
4456,2.0,5,1920,2008,1452,2,0,2,3,8,0,0,0,113000
7742,2.5,7,1966,1966,955,1,0,3,1,6,0,1,386,127000
13869,3.0,6,1997,1997,1470,2,0,3,1,6,0,2,388,177000
6240,3.0,6,1934,1950,1176,1,0,3,1,6,1,2,528,114500
8472,2.5,5,1963,1963,816,1,0,2,1,5,0,2,516,110000
50271,4.5,5,1981,1987,1842,0,1,0,1,5,1,3,894,385000
7134,2.5,5,1955,1955,1360,1,0,3,1,6,1,2,572,130000
10175,3.0,5,1964,1964,1425,2,0,3,1,7,1,2,576,180500
2645,4.0,5,1999,2000,1739,2,1,3,1,7,0,2,480,172500
11645,3.5,5,2004,2004,1720,2,1,3,1,7,0,2,565,196500
13682,5.0,5,2006,2006,2945,3,1,3,1,10,1,3,641,438780
7200,2.5,7,1972,1972,780,1,0,2,1,4,0,1,352,124900
13072,3.0,5,2004,2004,1158,1,1,3,1,5,0,2,576,158000
7200,2.5,7,1920,1996,1111,1,0,3,1,6,0,1,288,101000
6442,4.0,5,2006,2006,1370,2,0,2,1,6,1,2,484,202500
10300,3.5,6,1921,1950,1710,2,0,3,1,9,0,2,480,140000
9375,3.5,5,1997,1998,2034,2,1,3,1,8,0,2,645,219500
9591,4.0,5,2004,2005,2473,2,1,4,1,9,1,3,852,317000
19900,3.5,5,1970,1989,2207,2,0,3,1,7,1,2,576,180000
10665,3.5,5,2003,2003,1479,2,0,3,1,7,0,2,558,226000
4608,2.0,6,1945,1950,747,1,0,2,1,4,0,1,220,80000
15593,3.5,4,1953,1953,2287,2,0,3,1,7,1,2,667,225000
13651,3.5,6,1973,1973,2223,2,0,3,1,8,2,2,516,244000
7599,2.0,6,1982,2006,845,1,0,2,1,4,0,2,360,129500
10141,3.5,5,1998,1998,1718,2,1,3,1,7,1,2,427,185000
10200,2.5,7,1954,2003,1086,1,0,3,1,6,0,2,490,144900
5790,1.5,6,1915,1950,1605,2,0,3,2,8,0,1,379,107400
1596,2.0,5,1973,1973,988,1,0,2,1,5,0,1,297,91000
8475,2.0,7,1956,1956,952,1,0,2,1,4,0,1,283,135750
8635,2.5,5,1948,2001,1285,1,0,2,1,6,0,1,240,127000
10778,2.0,5,1968,1968,1768,2,0,4,2,8,0,0,0,136500
10440,2.5,6,1910,1981,1230,1,1,2,1,5,0,2,440,110000
13000,3.0,6,1968,1968,2142,2,1,4,1,8,1,1,509,193500
4500,3.0,5,1998,1998,1337,2,0,2,1,5,0,2,405,153500
10206,4.0,5,2007,2007,1563,2,0,3,1,6,1,3,758,245000
8892,2.5,5,1960,1960,1065,1,1,3,1,6,0,2,461,126500
8530,3.5,5,1995,1996,1474,2,1,3,1,7,1,2,400,168500
16059,4.0,5,1991,1992,2417,2,1,4,1,9,1,2,462,260000
11911,3.0,5,2005,2005,1560,2,1,3,1,6,1,2,400,174000
3951,3.0,5,2009,2009,1224,2,1,2,1,4,0,2,528,164500
8470,1.5,2,1915,1982,1526,1,0,2,1,6,0,0,0,85000
8070,2.0,5,1994,1995,990,1,0,3,1,5,0,0,0,123600
7200,2.0,5,1950,1950,1040,1,0,2,1,4,0,2,420,109900
8500,2.5,3,1961,1961,1235,1,0,2,1,6,0,2,480,98600
13360,2.5,7,1921,2006,964,1,0,2,1,5,0,2,432,163500
7200,3.0,6,1910,1998,2291,2,0,4,2,9,1,2,506,133900
9337,3.0,5,1997,1997,1786,2,1,3,1,7,0,2,684,204750
9765,3.0,8,1993,1993,1470,2,1,3,1,6,1,2,420,185000
10264,3.5,5,1999,1999,1588,2,0,3,1,6,0,2,472,214000
10921,2.0,5,1965,1965,960,1,0,3,1,6,0,1,432,94750
10625,2.5,5,1920,1950,835,1,0,2,1,5,0,1,366,83000
9320,2.0,5,1959,1959,1225,1,1,3,1,6,0,0,0,128950
10603,3.0,7,1977,2001,1610,2,0,3,1,6,2,2,480,205000
9206,3.0,5,1985,1985,1732,2,1,3,1,7,1,2,476,178000
7018,2.5,5,1979,1979,1535,2,0,4,2,8,0,2,410,118964
10402,3.5,5,2009,2009,1226,2,0,3,1,6,0,3,740,198900
7758,3.5,4,1931,1950,1818,1,1,4,1,7,2,1,240,169500
9375,4.0,5,2003,2004,1992,2,1,3,1,9,1,2,648,250000
10800,2.0,7,1885,1995,1047,1,0,2,1,6,0,1,273,100000
6000,2.5,5,1948,1950,789,1,0,2,1,5,0,1,250,115000
8500,2.5,7,1919,2005,1517,2,0,3,1,7,0,0,0,115000
11751,3.0,6,1977,1977,1844,2,0,3,1,7,1,2,546,190000
9525,3.0,4,1954,1972,1855,2,0,4,1,7,0,1,325,136900
7750,3.5,5,2000,2000,1430,2,1,3,1,7,1,2,400,180000
9965,3.5,5,2007,2007,2696,2,1,4,1,10,1,3,792,383970
21000,3.0,5,1953,1953,2259,2,0,3,1,7,2,2,450,217000
7259,3.0,8,1945,2002,2320,2,1,3,1,9,1,1,180,259500
3230,3.0,5,1999,1999,1458,2,1,2,1,5,1,2,440,176000
11616,2.5,5,1962,1962,1092,1,0,3,1,6,1,1,288,139000
8536,2.5,5,2006,2007,1125,1,1,2,1,5,0,2,430,155000
12376,3.5,5,1990,1990,3222,3,0,5,1,11,2,3,594,320000
8461,3.0,5,2005,2006,1456,2,1,3,1,8,1,2,390,163990
21453,3.0,5,1969,1969,988,1,0,1,1,4,2,2,540,180000
6060,2.0,5,1939,1950,1123,1,0,3,1,4,0,1,264,100000
9464,3.0,7,1958,1958,1080,1,0,3,1,5,0,1,288,136000
7892,3.0,5,1993,1993,1199,2,0,2,1,5,0,2,530,153900
17043,3.0,5,1979,1998,1586,2,0,3,1,7,1,2,435,181000
6780,3.0,8,1935,1982,754,1,0,2,1,5,0,0,0,84500
4928,3.0,5,1976,1976,958,2,0,2,1,5,1,2,440,128000
4388,2.5,7,1930,1950,840,1,0,3,1,5,1,0,0,87000
7590,3.0,5,1966,1966,1348,1,1,3,1,6,1,2,453,155000
8973,2.5,7,1958,1991,1053,1,1,3,1,6,0,2,750,150000
14200,3.5,6,1966,1966,2157,2,1,4,1,8,2,2,487,226000
12224,3.0,5,2000,2000,2054,2,1,3,1,7,1,2,390,244000
7388,2.5,6,1959,2002,1327,1,0,3,1,7,0,2,624,150750
6853,4.0,5,2001,2002,1296,2,0,2,1,6,0,2,471,220000
10335,2.5,6,1968,1993,1721,2,1,3,1,7,1,2,440,180000
10400,3.5,6,1970,1970,1682,2,0,3,1,7,1,2,530,174000
10355,2.5,5,1967,1967,1214,2,0,3,1,5,1,1,318,143000
11070,3.5,5,1988,1989,1959,3,0,5,2,9,0,3,766,171000
9066,4.0,5,1999,2000,1852,2,1,3,1,7,2,3,660,230000
15426,3.0,5,1997,1997,1764,2,1,3,1,7,0,2,470,231500
10500,2.0,5,1971,1971,864,1,0,3,1,5,1,0,0,115000
11645,3.5,5,2005,2005,1734,2,0,3,1,7,0,2,660,260000
8520,2.5,4,1952,1952,1385,2,0,4,1,6,0,2,720,166000
10335,3.5,5,1999,1999,1501,2,0,3,1,6,0,2,577,204000
9100,2.5,5,1963,1963,1728,2,0,6,2,10,0,2,504,125000
2522,3.0,5,2004,2006,1709,2,0,3,1,7,0,2,380,130000
6120,2.5,7,1931,1993,875,1,0,2,1,5,0,1,180,105000
9505,3.5,5,2001,2001,2035,2,1,3,1,8,1,2,434,222500
7500,3.5,5,2004,2005,1080,1,0,3,1,6,0,0,0,141000
6240,2.5,4,1936,1950,1344,1,0,3,1,7,0,1,240,115000
10356,2.5,6,1975,1975,969,1,1,3,1,5,0,2,440,122000
13891,4.0,5,2007,2008,1710,2,0,2,1,6,1,3,866,372402
14803,3.0,5,1971,1971,1993,2,1,4,1,8,1,2,495,190000
13500,3.0,7,1960,1975,1252,1,0,1,1,4,1,2,564,235000
11340,3.0,5,1923,1950,1200,1,0,4,1,7,0,1,312,125000
9600,3.0,5,1924,1950,1096,1,0,2,1,5,0,0,0,79000
7200,2.5,7,1950,1950,1040,1,0,2,1,5,0,2,625,109500
12003,4.0,5,2009,2010,1968,2,1,4,1,8,1,3,680,269500
12552,3.5,5,2004,2005,1947,2,1,3,1,8,1,2,678,254900
19378,3.5,5,2005,2006,2462,2,1,4,1,9,1,2,576,320000
11120,3.0,6,1984,1984,1232,2,0,3,1,6,0,2,516,162500
13688,4.5,5,2003,2004,2668,2,1,3,1,10,2,3,726,412500
12182,3.5,5,2005,2005,1541,2,0,3,1,7,1,2,532,220000
5500,2.0,6,1956,1956,882,1,0,1,1,4,0,0,0,103200
5400,3.0,7,1926,2004,1616,2,0,3,1,5,0,1,216,152000
10106,2.5,7,1940,1999,1355,2,0,4,2,6,0,0,0,127500
10708,2.5,5,1955,1993,1867,1,0,2,1,7,3,1,303,190000
10562,4.0,5,2007,2007,2161,1,1,3,1,8,1,3,789,325624
8244,3.5,5,2004,2004,1720,2,1,3,1,7,1,2,440,183500
16669,4.0,6,1981,1981,1707,2,1,2,1,6,1,2,511,228000
12358,2.5,6,1941,1950,1382,1,1,2,1,7,0,2,660,128500
31770,3.0,5,1960,1960,1656,1,0,3,1,7,2,2,528,215000
5306,3.5,7,1987,1987,1767,2,0,2,1,5,1,2,504,239000
10197,3.0,5,1961,1961,1362,1,1,3,1,6,1,2,504,163000
12416,3.0,5,1986,1986,1651,2,0,3,1,7,1,2,616,184000
12615,3.0,7,1950,2001,2158,2,0,4,1,7,1,2,576,243000
10029,3.0,5,1988,1989,2060,2,1,4,1,8,1,2,521,211000
13650,2.5,5,1958,1958,1920,2,0,4,1,8,1,2,451,172500
17423,4.5,5,2008,2009,2234,2,0,1,1,9,1,3,1166,501837
8520,2.5,6,1923,2006,968,1,0,2,1,5,0,2,480,100000
2117,3.0,5,2000,2000,1525,2,1,3,1,5,1,2,440,177000
7588,3.5,6,1920,1950,1802,1,1,4,1,9,1,1,216,200100
9060,2.5,6,1957,2006,1340,1,0,3,1,7,1,1,252,120000
11426,3.5,5,2003,2003,2082,2,1,3,1,6,0,2,484,200000
7438,2.5,8,1908,1991,1252,1,0,3,1,5,0,2,576,127000
22950,5.0,9,1892,1993,3608,2,1,4,1,12,2,3,840,475000
9947,3.5,5,1990,1991,1217,2,0,3,1,6,0,2,497,173000
10410,2.5,7,1916,1987,1656,2,1,3,1,8,0,1,180,135000
7018,2.5,5,1979,1979,1224,0,2,2,2,6,2,2,528,153337
4923,4.0,5,2001,2002,1593,1,1,0,1,5,1,2,682,286000
10570,4.0,8,1932,1994,2727,2,1,3,1,10,2,2,440,315000
7472,3.5,9,1972,2004,1479,1,1,4,1,7,0,2,484,184000
9017,3.5,5,1999,1999,1431,2,0,3,1,6,0,2,666,192000
2522,3.5,5,2004,2004,1709,2,0,3,1,7,0,2,380,130000
7180,2.5,7,1972,1972,864,1,0,3,1,5,0,1,352,127000
2280,3.0,6,1976,1976,1456,2,1,3,1,7,1,2,440,148500
9416,3.5,5,2007,2007,1726,2,0,3,1,8,1,3,786,311872
25419,4.0,4,1918,1990,3112,2,0,4,1,8,1,2,795,235000
5520,3.0,6,1912,1950,2229,1,0,5,1,8,0,0,0,104000
9591,4.0,5,2004,2005,1713,2,0,3,1,7,1,3,856,274900
8546,2.0,5,2003,2004,1121,2,0,2,1,5,0,2,440,140000
10125,3.0,6,1977,1977,1279,2,0,3,1,6,2,2,473,171500
7000,3.0,6,1924,1950,1310,2,0,2,1,6,0,1,398,112000
4438,3.0,5,2004,2004,848,1,0,1,1,3,1,2,420,149000
3500,2.5,7,1947,1950,1284,1,1,2,1,5,0,1,240,110000
11851,3.5,5,1990,1990,1442,2,0,3,1,5,0,2,500,180500
13673,2.5,5,1962,1962,1696,1,1,3,1,8,1,1,349,143900
12493,2.0,5,1960,1960,1100,1,0,3,1,6,1,1,312,141000
14364,3.5,5,1988,1989,2062,2,1,3,1,7,1,2,454,277000
8250,3.0,7,1964,1964,1092,1,0,3,1,6,0,2,504,145000
5604,2.5,6,1925,1950,864,1,0,2,1,5,0,0,0,98000
10420,3.0,5,2009,2009,1212,2,0,3,1,6,0,2,460,186000
8640,3.5,5,2009,2009,1852,2,1,3,1,7,1,2,644,252678
13568,2.5,5,1995,1995,990,1,0,3,1,5,0,2,576,156000
10900,3.0,7,1977,1977,1392,1,1,3,1,6,0,1,299,161750
10011,2.5,6,1957,1996,1236,1,0,2,1,6,1,1,447,134450
8450,3.5,5,2004,2004,1436,2,0,3,1,8,0,2,484,210000
9906,2.0,4,1925,1950,1328,1,0,3,1,8,0,1,210,107000
15660,3.5,9,1939,2006,1954,1,1,3,1,8,2,2,431,311500
3010,3.5,5,2005,2006,1248,2,0,2,1,5,0,2,438,167240
8990,3.5,5,2006,2006,1498,2,0,2,1,5,0,2,675,204900
8068,3.0,5,2002,2002,2267,2,1,4,1,8,1,2,390,200000
11475,3.0,6,1975,1975,1552,2,1,3,1,6,1,2,434,179900
10500,2.0,6,1971,1971,864,1,0,2,1,4,0,2,576,97000
13472,5.0,5,2003,2003,2392,2,0,3,1,8,1,3,968,386250
1680,2.5,5,1971,1971,1302,2,1,3,1,6,0,1,280,112000
9950,3.5,5,1995,1995,2520,2,1,4,1,9,1,3,721,290000
1869,3.0,6,1970,1970,987,1,1,2,1,5,0,1,280,106000
8521,2.5,5,1967,1967,912,1,0,3,1,5,1,1,336,125000
3182,3.5,5,2005,2006,1555,2,0,2,1,7,1,2,430,192500
8760,3.0,6,1959,1959,1194,1,0,3,1,6,0,1,312,148000
15138,4.0,5,1995,1996,2794,2,1,4,1,9,1,3,810,403000
1680,3.0,5,1972,1972,987,1,1,2,1,5,1,1,288,94500
10650,2.5,6,1976,1976,894,1,0,3,1,5,0,1,308,128200
7851,3.0,5,2002,2002,1960,2,1,4,1,8,2,2,440,216500
1680,3.0,3,1971,1971,987,1,1,2,1,5,0,1,264,89500
8773,3.5,5,2004,2004,1414,2,0,3,1,6,0,2,494,185500
9453,3.5,7,1993,2003,1744,2,1,3,1,7,0,2,457,194500
12030,4.0,5,2007,2007,1694,2,0,3,1,7,0,3,818,318000
8741,3.0,4,1945,1950,1487,1,1,3,1,7,1,1,220,113000
9000,4.0,5,2008,2008,1566,2,0,3,1,7,0,2,750,262500
3880,2.5,9,1945,1997,866,1,0,2,1,4,0,0,0,110500
5000,2.5,4,1900,1950,1440,1,0,3,1,6,0,1,352,79000
10762,3.0,6,1980,1980,1217,1,1,3,1,6,1,1,288,120000
8880,3.5,5,1994,2002,2110,2,1,3,1,8,2,2,463,205000
10400,3.5,5,1988,1988,1872,2,0,3,1,6,1,2,604,241500
9142,3.0,8,1910,1950,1928,2,0,4,2,9,0,1,440,137000
11310,3.0,5,1954,1954,1375,1,0,2,1,5,1,2,451,140000
11317,3.5,5,2003,2003,1668,2,1,3,1,8,0,2,500,180000
159000,3.0,7,1958,2006,2144,2,0,4,1,7,2,2,389,277000
5350,1.5,2,1940,1966,1306,1,0,3,1,6,0,0,0,76500
4750,4.0,5,2006,2007,1625,2,0,2,1,5,1,2,538,235000
8366,3.0,5,2004,2004,1640,2,1,3,1,6,0,2,520,173000
9350,3.0,7,1964,1991,1302,2,0,3,1,7,0,1,309,158000
8400,2.5,6,1957,1957,1314,1,0,3,1,5,0,1,294,145000
8738,3.5,5,1999,1999,2291,2,1,4,1,8,1,2,429,230000
8791,3.0,5,2003,2003,1728,2,1,3,1,7,0,2,673,207500
8814,3.5,5,2006,2006,1604,2,1,3,1,8,1,2,660,220000
12435,3.5,5,2001,2001,1792,2,1,3,1,7,1,2,564,231500
12702,2.5,5,1956,1956,882,1,0,2,1,4,0,1,308,97000
19296,3.0,5,1962,1962,1382,1,0,3,1,6,1,2,884,176000
9588,4.0,5,2007,2007,2574,2,1,3,1,10,1,3,868,276000
8471,3.0,7,1977,1995,1212,1,0,3,1,6,1,2,492,151000
5500,2.5,7,1929,2001,1316,1,0,3,1,6,0,2,484,130000
5232,2.5,5,1925,2004,764,1,0,2,1,4,0,2,504,73000
12090,3.0,6,1981,1981,1422,2,0,3,1,7,1,2,576,175500
11207,3.0,5,1997,1997,1511,2,1,3,1,8,1,2,413,185000
8400,2.5,8,1939,1997,2192,2,1,4,1,8,1,1,240,179500
6900,2.5,6,1940,1955,778,1,0,2,1,4,1,1,924,120500
7917,3.0,7,1976,1976,1113,1,1,3,1,6,1,1,504,148000
10728,4.0,5,2006,2006,1939,2,1,3,1,8,1,3,1053,266000
39104,3.5,7,1954,2005,1363,1,0,2,1,5,2,2,439,241500
11764,4.0,7,1999,2007,2270,2,1,4,1,9,1,3,671,290000
9600,3.0,6,1958,1988,1632,2,0,3,1,6,1,1,338,139000
8314,2.5,7,1982,1982,816,1,0,2,1,5,0,1,264,124500
7264,3.5,7,1925,2007,1548,2,1,3,1,5,0,2,672,205000
9196,3.5,5,2003,2003,1560,2,0,3,1,7,0,2,573,201000
19138,2.0,5,1951,1951,864,1,0,2,1,4,0,2,400,141000
14450,4.5,5,2006,2007,2121,2,1,3,1,8,1,3,732,415298
10005,3.5,5,1977,1977,2022,2,1,4,1,8,1,2,505,192000
11287,3.5,6,1989,1989,1982,2,1,3,1,7,1,2,575,228500
7200,3.0,5,2006,2006,1262,2,0,2,1,5,0,2,572,185000
5063,3.5,5,2007,2008,1314,2,0,2,1,6,1,2,626,207500
9612,4.0,5,2008,2009,1468,2,0,3,1,6,1,3,898,244600
8012,3.0,5,1992,1992,1575,2,0,2,1,5,0,2,529,179200
4251,3.5,5,2006,2007,1250,2,1,2,1,5,0,2,528,164700
9786,3.0,7,1962,1981,1734,1,1,3,1,7,1,2,440,159000
8125,2.0,4,1971,1971,858,1,0,3,1,5,0,0,0,88000
9819,2.5,5,1967,1967,900,1,0,3,1,5,0,1,280,122000
8730,3.0,7,1915,2003,1396,1,0,3,1,7,0,1,384,153575
15611,4.0,5,2006,2006,1919,2,1,3,1,8,1,2,685,233230
5687,2.5,6,1912,2000,1716,2,0,6,1,9,0,0,0,135900
11409,2.5,4,1949,2008,1716,1,1,3,1,8,1,1,281,131000
16659,3.5,7,1977,1994,2263,2,1,3,1,9,1,2,539,235000
9600,3.0,5,1953,1953,1644,1,0,3,1,7,2,2,418,167000
7937,3.0,6,1984,1984,1003,1,0,3,1,6,0,2,588,142500
13710,2.5,5,1950,1950,1558,1,1,4,1,6,0,1,282,152000
7399,3.5,5,1997,1998,1950,2,1,3,1,7,1,2,576,239000
11700,3.0,6,1968,1968,1743,1,2,3,1,7,1,2,539,175000
14000,3.0,8,1950,2004,1152,1,0,3,1,6,1,1,300,158500
15750,2.5,5,1953,1953,1336,1,0,2,1,5,2,1,375,157000
16226,4.0,5,1998,1999,2452,2,1,4,1,9,1,2,683,267000
13704,3.5,5,2001,2002,1541,2,0,3,1,6,1,3,843,205000
9800,2.5,7,1972,1972,894,1,0,3,1,5,0,2,552,149900
18386,3.5,9,1880,2002,3493,3,0,3,1,10,1,3,870,295000
10386,4.0,5,2004,2005,2000,2,0,3,1,8,0,3,888,305900
13474,3.5,5,1990,1991,2243,2,1,4,1,8,1,3,746,225000
7920,3.0,7,1920,1950,1406,1,0,3,1,6,0,0,0,89500
12342,2.0,5,1940,1950,861,1,0,1,1,4,0,2,539,82500
12378,4.5,5,2003,2004,1944,2,0,3,1,8,3,3,708,360000
7685,3.0,5,1993,1994,1501,2,1,3,1,6,1,2,420,165600
8000,3.0,6,1948,2002,972,1,0,2,1,5,1,1,240,132000
7800,2.5,7,1939,1950,1118,1,0,3,1,5,1,2,410,119900
215245,3.5,5,1965,1965,2036,2,0,3,1,8,2,2,513,375000
9600,3.5,7,1925,1990,1641,1,1,3,1,6,1,2,546,178000
7795,3.5,5,2004,2005,1432,2,1,3,1,6,1,2,432,188500
13005,3.5,7,1980,1980,2353,2,1,4,1,10,1,2,484,260000
9000,4.0,5,2006,2006,1959,2,1,3,1,8,1,3,1025,270000
9900,3.5,5,1993,1993,2646,2,1,4,1,9,1,3,656,260000
14115,3.5,5,1980,1980,1472,2,0,3,1,6,2,2,588,187500
16259,4.5,5,2006,2006,2596,3,1,4,1,9,0,3,840,342643
12099,4.0,5,2004,2004,2468,2,1,4,1,10,1,3,872,354000
10380,3.5,5,1986,1987,2730,2,1,4,1,8,1,2,576,301000
5820,1.5,8,1955,2005,1163,1,0,3,1,6,0,1,220,126175
11275,3.5,7,1967,2007,2978,2,1,5,1,11,1,2,564,242000
5000,2.5,6,1941,1950,803,1,0,2,1,5,0,2,360,87000
10846,4.0,5,1993,1993,1719,1,1,1,1,6,2,2,473,324000
11600,3.0,5,1960,1960,1383,1,1,3,1,7,0,1,292,145250
11888,3.0,6,1916,1994,2134,2,0,5,1,10,0,2,441,214500
6402,2.5,5,1920,1950,1192,1,0,3,1,6,0,1,189,78000
10624,2.5,4,1964,1964,1728,2,0,6,2,10,0,1,352,119000
8176,2.5,6,1958,1992,1056,1,0,3,1,6,0,1,308,139000
10655,4.0,5,2003,2004,1629,2,0,3,1,7,1,3,880,284000
8198,3.5,5,2004,2004,1358,2,0,2,1,6,1,2,484,207000
9042,3.0,5,1998,1998,1638,2,1,3,1,7,2,2,472,192000
164660,2.5,6,1965,1965,1786,2,0,3,1,7,2,2,529,228950
14157,4.5,5,2005,2006,1922,2,0,3,1,8,1,3,676,377426
9135,3.5,5,2002,2003,1536,2,0,3,1,7,0,2,532,214000
14145,3.5,7,1984,1998,1621,2,0,3,1,8,0,2,440,202500
12400,3.0,7,1958,1998,1215,1,0,3,1,6,0,1,297,155000
14191,4.0,5,2002,2002,1908,2,1,4,1,9,0,2,431,202900
8400,2.0,4,1950,1950,841,1,0,2,1,4,0,1,294,82000
8544,1.5,4,1949,1950,1040,2,0,2,2,6,0,2,400,87500
8849,4.5,5,2005,2005,1684,2,0,2,1,6,1,2,564,266000
2592,2.5,3,1976,1976,1112,1,1,3,1,4,0,1,336,85000
6435,3.0,5,1939,1950,1577,1,0,3,1,6,1,1,312,140200
12772,3.0,8,1960,1998,958,1,0,2,1,5,0,1,301,151500
17600,3.0,5,1960,1960,1478,2,0,3,1,6,2,2,498,157500
2448,3.5,5,2003,2004,1626,2,1,2,1,6,0,2,474,154000
20431,4.5,5,2005,2006,2728,2,1,4,1,10,2,3,706,437154
7820,4.5,5,2007,2007,1869,2,0,2,1,6,1,2,617,318061
5271,3.5,5,1986,1986,1453,1,1,2,1,6,1,2,445,190000
9084,2.5,6,1941,1950,1111,1,0,3,1,5,0,1,200,95000
8520,3.0,8,1928,2003,720,1,0,2,1,5,0,2,484,105900
8400,3.0,5,1940,2000,1595,1,0,2,1,6,2,1,240,140000
11249,3.0,5,1995,1995,1200,2,0,3,1,6,0,2,521,177500
9248,3.0,6,1992,1992,1167,2,0,3,1,6,0,2,400,173000
4224,2.5,5,1976,1976,1142,1,1,3,1,6,1,2,528,134000
6930,2.5,4,1958,1958,1352,1,0,3,1,6,0,1,288,130000
12011,4.0,5,1998,1998,1924,2,1,3,1,7,1,2,592,280000
7540,3.0,6,1978,1978,912,1,0,2,1,5,1,2,470,156000
9144,2.5,5,1940,1982,1505,1,0,3,1,8,0,1,240,145000
7301,3.5,5,2003,2003,1922,3,0,4,1,7,1,2,672,198500
1680,3.0,8,1972,2007,987,1,1,2,1,5,0,1,264,118000
18800,3.0,5,1976,1976,1574,2,1,3,1,6,1,2,566,190000
10690,2.5,7,1920,1997,1344,1,0,3,1,6,0,1,468,147000
9500,3.0,5,1963,1963,1394,1,1,3,1,6,2,2,514,159000
9150,3.0,5,1962,1962,1431,1,0,3,1,6,1,1,296,165000
7800,2.5,6,1954,1954,1268,1,0,2,1,7,1,1,244,132000
9830,2.5,7,1959,2006,1287,1,0,3,1,7,1,2,576,162000
8121,3.0,5,2000,2000,1664,2,1,3,1,7,1,2,460,172400
17120,2.0,4,1959,1959,1588,2,0,4,1,7,1,2,680,134432
7175,3.0,5,1984,1984,752,1,0,2,1,4,0,1,264,125000
10634,2.5,6,1953,1953,1319,1,0,3,1,5,0,1,270,123000
8200,3.5,5,2003,2004,1928,2,1,4,1,8,1,2,434,219500
10020,0.5,1,1922,1950,904,0,1,1,1,4,0,0,0,61000
8846,2.5,5,1996,1996,914,1,0,2,1,5,0,2,576,148000
11143,4.0,5,2004,2005,2466,3,0,4,1,8,1,2,610,340000
11394,4.5,2,2010,2010,1856,1,1,1,1,8,1,3,834,394432
8123,3.0,5,2000,2000,1800,2,1,3,1,7,1,2,463,179000
5000,2.5,6,1924,1950,1691,2,0,3,1,6,1,1,308,127000
7200,3.5,5,2006,2006,1301,2,0,2,1,5,1,2,572,187750
9245,3.5,5,2006,2006,1797,2,1,3,1,8,0,2,639,213500
9000,3.0,3,1928,1950,784,1,0,2,1,5,0,2,360,76000
53107,3.0,5,1992,1992,1953,2,1,3,1,9,2,2,501,240000
3182,4.0,5,2004,2005,1269,2,0,2,1,6,1,2,430,192000
8410,2.5,3,1910,1996,1184,1,0,5,1,8,0,0,0,81000
7200,3.0,6,1976,1976,1125,1,0,3,1,6,1,1,352,125000
9382,3.5,5,1999,2000,1479,2,0,3,1,6,0,2,577,191000
12474,5.0,5,2007,2008,2332,2,1,3,1,9,1,3,846,426000
8405,2.5,8,1900,1950,1367,1,0,4,1,7,0,1,384,119000
12209,3.0,5,2001,2002,1961,2,1,3,1,7,1,2,560,215000
8339,2.5,7,1959,1959,882,1,0,3,1,5,0,1,294,106500
7446,2.0,5,1941,1950,788,1,0,2,1,4,2,0,0,100000
10134,2.5,6,1940,1950,1034,1,0,2,1,5,0,1,240,109000
9571,2.5,6,1956,1956,1144,1,0,3,1,6,0,1,596,129000
7200,2.5,5,1972,1972,894,1,0,2,1,6,0,2,600,123000
7590,2.5,5,1962,1962,1812,2,0,4,1,8,1,1,264,169500
8967,2.5,2,1920,1950,1077,1,0,2,1,6,0,1,338,67000
8125,3.5,5,2006,2007,1550,2,0,2,1,7,0,2,438,241000
14963,4.0,5,1996,1996,1288,1,1,1,1,4,2,2,500,245500
8767,3.5,5,2005,2005,1310,2,0,3,1,6,1,2,400,164990
10200,2.5,8,1940,1997,672,1,0,2,1,4,0,1,240,108000
12090,4.0,5,1998,1998,2263,2,1,4,1,10,1,2,420,258000
10364,3.0,5,1995,1996,1572,2,1,3,1,7,1,2,373,168000
9991,2.0,4,1976,1993,1620,2,0,3,1,8,1,2,490,150000
10480,3.0,5,1936,1950,1639,1,0,3,1,6,0,1,240,115000
15576,3.0,7,1915,1976,1680,2,0,4,1,8,0,1,308,177000
14154,3.5,5,2006,2006,2172,2,1,3,1,9,1,3,947,280000
10800,4.0,5,2007,2008,2078,2,1,3,1,8,1,3,836,339750
9571,2.5,3,1958,1958,1276,1,0,3,1,5,0,1,350,60000
34650,2.5,5,1955,1955,1056,1,0,3,1,5,0,2,572,145000
4403,3.5,5,2009,2009,1478,2,1,2,1,7,1,2,484,222000
8960,2.5,6,1927,1950,1028,1,0,2,1,5,1,2,360,115000
11228,3.5,5,1993,1993,2097,2,1,3,1,9,1,3,678,228000
8899,3.5,5,2007,2007,1340,2,0,3,1,6,0,2,396,181134
7844,3.0,7,1978,1978,1400,1,1,3,1,6,1,2,440,149500
22420,3.0,6,1918,1950,2624,2,1,4,1,10,1,3,864,239000
8160,2.5,6,1940,1950,1134,1,1,3,1,7,0,1,240,126000
8450,2.5,6,1968,1968,1056,1,0,3,1,6,1,1,304,142000
7060,3.5,5,1997,1998,1344,2,0,2,2,8,0,4,784,206300
16635,3.0,7,1977,2000,1602,2,0,3,1,8,1,2,529,215000
21750,2.5,5,1954,1954,988,1,0,2,1,4,0,2,520,113000
9200,4.0,5,1998,1998,2630,2,1,4,1,8,1,3,696,315000
9000,3.0,5,1956,1956,1196,1,0,2,1,6,1,1,297,139000
3378,3.5,8,1946,1992,1389,1,1,3,1,6,2,1,240,135000
12800,3.5,5,1989,1989,1644,2,0,2,1,5,1,2,569,275000
8593,2.0,6,1957,1957,907,1,0,3,1,5,0,1,352,109008
6762,3.5,5,2007,2007,1208,2,0,2,1,6,0,2,628,195400
11457,3.0,5,1988,1988,1412,2,0,3,1,6,1,2,576,175000
1680,3.0,5,1971,1971,987,1,1,2,1,4,0,1,264,85400
5586,3.0,7,1920,1998,1198,1,0,4,1,7,0,0,0,79900
1920,2.5,5,1971,1971,1365,1,1,2,1,6,0,2,440,122500
10839,3.0,5,1997,1998,1604,2,1,3,1,7,1,2,470,181000
1890,2.0,7,1972,1972,630,1,0,1,1,3,0,0,0,81000
10667,3.5,6,1996,1996,1661,2,1,3,1,6,1,2,550,212000
4400,3.0,8,1920,1950,1118,1,0,2,1,6,0,2,440,116000
6000,3.0,7,1926,2004,904,1,0,2,1,4,0,1,180,119000
4280,2.5,6,1913,2002,694,1,0,2,1,4,1,1,352,90350
12354,3.0,8,1920,2000,1196,1,0,3,1,7,0,2,528,110000
15431,5.0,5,2008,2008,2402,2,0,2,1,10,2,3,672,555000
12108,2.0,4,1955,1955,1440,2,0,4,2,8,0,0,0,118000
6240,2.5,7,1930,1992,1573,2,0,3,1,8,1,2,360,162900
3922,3.5,5,2006,2007,1258,2,0,2,1,6,1,3,648,172500
8750,3.5,5,1994,1995,1908,2,1,4,1,8,1,2,493,210000
9855,3.0,5,1956,1956,1689,1,0,3,1,7,1,2,480,127500
16492,3.0,6,1966,2002,1888,2,1,2,1,6,1,2,578,190000
11214,3.5,5,1998,1999,1886,2,1,4,1,10,1,2,431,199900
8600,3.0,6,1937,1950,1376,2,0,3,1,7,1,1,198,119500
6000,1.5,7,1948,2002,1183,1,1,2,1,6,0,1,308,120000
5684,3.0,8,1930,2005,813,1,0,2,1,5,0,1,270,110000
70761,3.5,5,1975,1975,1533,2,0,2,1,5,2,2,576,280000
9303,3.0,5,1996,1997,1756,2,1,3,1,7,0,2,422,204000
9000,4.0,5,2008,2008,1590,2,1,3,1,6,0,2,676,210000
9297,2.5,5,1976,1976,1728,2,0,4,2,8,0,2,560,188000
9600,3.5,6,1973,1973,1242,1,1,3,1,6,1,2,528,175500
4571,2.5,5,1916,1950,1344,1,0,4,1,7,0,3,513,98000
53227,2.0,6,1954,1994,1663,1,0,2,1,6,2,2,529,256000
5100,4.0,7,1925,1996,1666,1,0,3,1,7,1,1,228,161000
7015,2.5,4,1950,1950,1203,1,0,3,1,5,1,1,352,110000
8004,4.0,5,2009,2009,1935,2,1,3,1,8,0,2,552,263435
7200,3.5,9,1936,2007,1135,1,0,3,1,6,0,2,576,155000
8281,2.5,5,1965,1965,864,1,0,3,1,5,1,1,360,62383
11988,3.0,7,1934,1995,1660,1,1,3,1,6,1,1,240,188700
8430,2.5,5,1978,1978,1040,2,0,3,1,5,0,0,0,124000
3072,3.5,5,2004,2004,1414,2,0,2,1,6,1,2,398,178740
10628,3.5,5,1970,1970,1277,1,0,2,1,5,1,2,526,167000
9480,2.5,7,1942,1995,1644,1,1,3,1,7,2,1,312,146500
11428,4.0,5,2006,2006,1634,2,0,3,1,7,1,3,866,250000
9291,3.0,5,1993,1993,1710,2,1,3,1,7,0,2,506,187000
6820,4.0,5,1985,1985,1502,1,1,1,1,4,0,2,528,212000
11952,3.5,6,1977,1977,1969,2,1,3,1,8,1,2,534,190000
3675,3.0,5,2005,2005,1072,1,0,2,1,5,0,2,525,148000
14977,4.0,5,2006,2007,1976,2,0,2,1,7,1,3,908,440000
5330,4.0,5,2000,2000,1652,2,0,2,1,6,0,2,499,251000
8480,2.5,6,1963,1963,970,1,0,2,1,5,0,2,624,132500
13125,3.0,5,1997,1998,1493,2,0,3,1,7,1,2,508,208900
13693,4.5,5,2006,2006,2643,2,1,3,1,9,1,3,694,380000
10637,4.0,5,2007,2008,1718,2,0,3,1,7,1,3,826,297000
5925,2.0,7,1937,2000,1131,1,0,2,1,7,0,2,672,89471
16033,4.5,5,2004,2005,1850,2,0,3,1,8,1,3,772,326000
11846,4.5,5,2003,2004,1792,2,0,2,1,6,1,3,874,374000
2500,3.5,8,1915,2005,1826,1,1,4,1,7,1,1,164,155000
4500,3.0,5,1998,1998,1216,2,0,2,1,5,0,2,402,164000
7758,2.5,7,1962,2001,999,1,0,3,1,6,0,1,264,132500
9600,2.5,7,1950,2007,1113,1,0,3,1,5,1,1,264,147000
10289,2.5,7,1965,1965,1073,1,1,3,1,6,0,2,515,156000
12243,2.5,6,1971,1971,1484,2,0,3,1,7,1,2,487,175000
10800,2.5,4,1900,1970,2414,2,0,3,2,10,1,2,520,160000
1526,2.0,8,1970,2002,630,1,0,1,1,3,0,1,286,86000
2665,2.5,6,1976,1976,1304,1,1,3,1,4,1,1,336,115000
9490,3.0,7,1941,1950,1578,1,0,3,1,5,2,1,240,133000
15578,3.0,5,2006,2006,1456,2,1,3,1,8,0,2,429,172785
7931,2.5,6,1960,1960,1269,1,1,3,1,6,1,1,308,155000
5784,2.5,8,1938,1996,886,1,0,2,1,4,0,1,273,91300
7879,2.0,5,1920,1950,720,1,0,2,1,4,0,0,0,34900
12692,4.0,5,1992,1993,3228,3,0,4,1,10,1,2,546,430000
9120,3.5,6,1925,1950,1820,2,0,4,1,8,0,1,240,184000
7800,2.5,7,1967,2004,899,1,0,3,1,5,0,1,288,130000
7535,2.5,7,1958,1985,912,1,0,2,1,5,0,1,297,120000
1890,3.0,5,1973,1973,1218,1,1,3,1,7,0,1,264,113000
9803,3.5,5,2005,2005,1768,2,1,3,1,7,0,2,603,226700
9170,2.5,7,1965,1965,1214,1,0,2,1,6,0,2,461,140000
15602,3.5,8,1959,1997,1801,2,0,1,1,6,2,2,484,289000
2308,3.0,5,1974,1974,1322,2,1,3,1,6,1,2,440,147000
7596,2.5,5,1952,1952,1960,2,0,4,2,10,0,2,400,124500
9554,4.0,5,1993,1994,1911,2,1,3,1,8,1,2,471,215000
7862,3.0,5,2009,2009,1218,2,0,2,1,4,0,2,676,208300
9600,3.5,9,1928,2005,1378,2,0,3,1,7,1,2,360,161000
9600,2.5,6,1959,1959,1041,1,0,3,1,6,0,1,270,124500
14559,2.5,7,1951,2000,1363,1,0,2,1,6,2,1,288,164900
6792,3.5,5,2005,2006,1368,2,0,2,1,6,1,2,474,202665
9100,2.5,5,1958,1958,864,1,0,3,1,5,0,2,624,129900
9187,3.0,5,1983,1983,1080,1,1,3,1,5,0,2,484,134000
10594,2.5,5,1926,1950,789,1,0,2,1,5,0,1,200,96500
12220,5.0,5,2009,2009,2020,2,1,3,1,9,1,3,900,402861
10448,3.0,6,1972,1972,2119,2,1,3,1,7,1,2,583,158000
10208,3.5,5,1996,1997,2344,2,1,3,1,7,1,3,889,265000
9531,3.0,5,1998,1998,1796,2,1,3,1,7,0,2,546,211000
10918,3.5,9,1926,2004,2080,1,1,3,1,9,2,1,282,234000
10800,2.0,7,1900,2000,1294,2,0,3,2,7,0,0,0,106250
11988,3.0,6,1957,1957,1244,1,1,3,1,6,2,1,336,150000
5000,3.0,7,1947,1950,1664,2,0,3,1,7,2,2,420,159000
40094,5.0,5,2007,2008,4676,3,1,3,1,11,1,3,884,184750
11787,3.5,5,1996,1997,2398,2,1,3,1,8,1,3,834,315750
7500,3.5,5,2005,2005,1266,2,0,3,1,6,1,2,453,176000
13300,2.5,7,1956,2000,928,1,0,2,1,4,0,1,252,132000
14948,4.5,5,2008,2008,2713,2,1,3,1,11,1,3,858,446261
9098,2.0,7,1920,2002,605,1,0,2,1,5,0,0,0,86000
32668,3.0,3,1957,1975,2515,3,0,4,2,9,2,2,484,200624
10200,3.0,5,1988,1989,1509,2,0,3,1,5,1,2,600,175000
6155,3.0,8,1920,1999,1362,2,0,3,1,6,0,2,502,128000
7200,2.5,7,1955,2007,827,1,0,2,1,5,1,1,392,107500
5000,0.5,3,1946,1950,334,1,0,1,1,2,0,0,0,39300
9056,4.0,5,2004,2004,1414,2,1,3,1,6,1,2,403,178000
7000,2.5,7,1910,1991,1347,1,0,3,1,5,0,0,0,107500
8924,3.5,5,1998,1999,1724,2,1,3,1,8,0,2,527,188000
12735,2.0,5,1972,1972,864,1,0,3,1,5,0,2,576,111250
11553,2.5,5,1968,1968,1159,1,1,3,1,7,1,1,336,158000
11423,4.0,5,2001,2002,1601,2,0,3,1,6,1,2,670,272000
14601,4.5,5,2006,2006,1838,2,0,2,1,8,1,3,765,315000
11000,4.0,5,2000,2000,2285,2,1,4,1,8,1,3,648,248000
10140,3.5,5,1998,1999,1680,2,0,3,1,7,1,2,583,213250
4058,3.5,5,1998,1998,767,1,0,1,1,4,0,1,367,133000
17104,3.5,5,2006,2006,1496,2,1,3,1,7,1,2,426,179665
13837,3.5,5,1988,1988,2183,2,1,4,1,9,0,3,786,229000
8737,3.0,7,1923,1950,1635,1,1,3,1,6,1,2,440,210000
7244,2.5,7,1970,1970,768,1,0,2,1,5,0,2,624,129500
8235,2.5,7,1955,1995,825,1,0,2,1,4,0,2,720,125000
9375,3.5,5,2003,2004,2094,2,1,4,1,8,1,2,615,263000
4043,3.0,6,1977,1977,1069,2,0,2,1,4,0,2,440,140000
6000,2.5,6,1957,1957,928,1,0,3,1,5,0,1,288,112500
11146,4.0,5,2006,2006,1717,2,0,3,1,7,1,3,908,255500
8777,2.0,5,1949,2003,1126,2,0,2,1,5,0,2,520,108000
10625,3.5,5,2003,2004,2046,2,1,3,1,8,1,3,871,284000
6380,2.5,6,1922,1950,1048,1,0,2,1,5,1,1,280,113000
14850,2.5,5,1957,1957,1092,1,0,2,1,6,1,1,299,141000
11040,2.0,6,1920,1950,1336,1,1,3,1,7,0,1,570,108000
21872,3.5,5,1996,1997,1446,2,1,3,1,6,1,2,406,175000
3196,3.5,5,2003,2004,1557,2,0,2,1,7,1,2,420,234000
11341,2.5,6,1957,1996,1392,1,1,3,1,5,1,2,528,121500
10010,2.5,5,1974,1975,1389,1,0,2,1,6,1,2,418,170000
13907,2.5,6,1940,1969,996,1,0,3,1,6,1,0,0,108000
21780,3.0,7,1918,1950,1674,2,0,4,1,8,1,2,396,185000
13346,3.5,5,1992,2000,2295,2,1,4,1,9,1,2,590,268000
6858,3.0,4,1915,1950,1647,1,1,4,1,6,0,1,216,128000
11198,4.5,5,2005,2007,2504,2,1,4,1,11,1,3,656,325000
10171,3.5,5,2004,2004,1535,2,0,3,1,7,0,2,532,214000
12327,4.0,8,1983,2009,2132,1,1,1,1,5,1,2,612,316600
7032,2.5,5,1979,1979,943,1,0,2,1,4,2,2,600,135960
13101,2.5,5,1965,1965,1728,2,0,6,2,10,0,2,576,142600
7332,3.0,6,1959,1959,864,1,0,2,1,4,0,1,288,120000
13159,3.5,5,2009,2009,1692,2,1,3,1,6,0,2,650,224500
9967,3.5,5,2000,2000,1430,2,1,3,1,8,1,2,400,170000
10500,2.5,7,1971,2005,1109,1,0,3,1,5,0,1,288,139000
8480,2.5,5,1947,1950,1216,1,0,2,1,6,0,1,336,118500
6292,3.5,7,1928,1950,1477,2,0,3,1,6,1,1,216,145000
11777,2.5,6,1966,1966,1320,1,0,3,1,6,2,2,564,164500
3604,3.5,5,2007,2007,1392,2,0,2,1,5,0,2,540,146000
12150,2.5,5,1954,1954,1795,2,0,4,1,7,0,1,352,131500
14585,3.0,6,1960,1987,1429,1,0,3,1,7,2,2,572,181900
12704,4.0,5,2008,2009,2042,2,1,3,1,8,1,3,1390,253293
11841,3.0,5,1990,1990,816,1,0,3,1,5,0,0,0,118500
13500,5.0,9,1893,2000,2775,3,1,3,1,9,1,2,880,325000
6120,2.0,7,1935,1995,1573,1,0,3,1,6,0,1,240,133000
11443,4.0,5,2005,2006,2028,2,0,2,1,7,2,3,880,369900
10267,3.0,7,1918,2000,838,1,0,2,1,5,0,1,275,130000
8740,2.5,6,1982,1982,860,1,0,2,1,4,0,2,528,137000
25095,2.5,8,1968,2003,1473,1,0,1,1,5,2,1,452,143000
9100,2.5,6,1930,1960,935,1,0,2,1,4,0,1,308,79500
8320,3.5,5,2004,2004,1582,2,1,3,1,6,0,2,520,185900
13478,5.0,5,2008,2008,2296,2,1,3,1,10,1,3,842,451950
6600,2.5,8,1982,2003,816,1,0,2,1,4,0,2,816,138000
4435,3.0,5,2003,2003,848,1,0,1,1,4,0,2,420,140000
7990,2.5,6,1975,1975,924,1,0,3,1,5,0,1,280,110000
11302,4.0,5,2005,2006,1826,2,0,3,1,7,1,3,758,319000
3600,3.0,7,1910,1993,1368,1,0,3,1,7,0,1,216,114504
3922,3.5,5,2006,2007,1402,0,2,2,1,7,1,3,648,194201
12984,2.5,6,1977,1977,1647,2,0,3,1,7,1,2,621,217500
1950,3.0,6,1980,1980,1556,2,1,3,1,6,1,2,452,151000
10927,4.0,5,2005,2005,1904,2,1,3,1,8,1,2,736,275000
9000,3.0,6,1937,1950,1375,1,1,3,1,6,1,1,544,141000
10041,4.0,5,1992,1992,1915,2,1,3,1,8,1,2,506,220000
3182,3.5,5,2004,2005,1200,2,1,2,1,4,0,2,480,151000
12803,3.5,5,2002,2002,1494,2,0,3,1,6,1,2,530,221000
13600,3.5,6,1965,1990,1986,2,1,3,1,7,3,2,486,205000
12464,2.5,5,1996,1996,1040,1,0,3,1,6,0,2,576,152000
7800,2.5,8,1948,2002,2008,3,0,3,1,8,0,1,230,225000
12168,4.0,6,1934,1998,3194,2,1,4,1,10,2,2,380,359100
7943,2.0,5,1961,1961,1029,1,0,3,1,5,0,1,261,118500
11050,4.5,5,2000,2000,2153,2,1,3,1,8,2,3,736,313000
10395,3.0,6,1978,1978,1032,2,0,3,1,6,1,2,564,148000
11885,4.0,5,2001,2001,1872,2,1,3,1,7,1,2,531,261500
8402,2.5,5,2007,2007,1120,1,0,3,1,6,0,0,0,147000
1491,2.0,6,1972,1972,630,1,0,1,1,3,0,0,0,75500
8800,3.0,7,1963,1963,1054,1,0,3,1,6,0,2,480,137500
7861,3.0,5,2002,2003,1509,2,1,3,1,7,1,2,393,183200
7227,3.0,6,1954,1954,832,1,0,2,1,4,0,2,528,105500
11694,4.5,5,2007,2007,1828,2,0,3,1,9,1,3,774,314813
12244,4.0,5,2003,2003,2262,2,1,4,1,10,2,3,749,305000
8248,1.5,3,1914,1950,864,1,0,2,1,5,0,0,0,67000
10800,3.0,7,1974,1997,2614,2,1,4,1,9,1,2,624,240000
7064,2.5,6,1977,1977,980,1,0,3,1,6,0,2,484,135000
2117,3.0,5,2000,2000,1512,2,1,2,1,4,1,2,440,168500
10400,3.0,5,1972,1972,1790,1,2,4,1,8,1,2,484,165150
10000,3.0,6,1962,1962,1116,1,1,3,1,5,0,2,440,160000
12342,2.5,5,1960,1978,1422,1,0,3,1,6,1,1,286,139900
9600,3.0,6,1955,1972,1520,1,0,3,1,7,2,1,364,153000
11606,2.5,5,1969,1969,2080,1,2,5,1,9,2,2,504,135000
9020,3.0,5,1964,1964,1350,1,1,3,1,6,0,2,520,168500
9000,2.5,6,1880,1991,1750,1,0,3,1,8,0,1,240,124000
4590,4.0,5,2006,2006,1554,2,0,2,1,6,1,2,627,209500
11900,3.5,5,1977,1977,1411,2,0,3,1,6,1,2,544,82500
9250,2.5,7,1954,2005,1056,1,0,3,1,6,0,1,260,139400
6979,3.0,5,1980,1980,1056,0,0,0,2,4,0,2,576,144000
10896,3.0,7,1914,1995,3395,2,0,8,2,14,0,0,0,200000
6120,1.0,3,1936,1950,800,1,0,1,1,4,1,0,0,60000
6000,2.5,4,1954,1954,1387,2,0,3,2,7,0,1,256,93000
8777,2.5,7,1910,1950,796,1,0,2,1,4,0,0,0,85000
3982,4.0,5,2006,2006,1567,2,0,1,1,7,1,3,648,264561
12677,4.0,5,2003,2004,1518,1,1,1,1,6,1,2,588,274000
7050,3.5,5,2001,2001,1929,2,1,3,1,7,1,2,650,226000
13860,4.0,7,1972,1995,2704,2,1,4,1,9,3,2,538,345000
10793,2.5,5,1969,1969,1620,2,1,4,1,7,0,2,462,152000
9187,4.5,5,2009,2009,1766,2,1,2,1,7,1,3,478,370878
10530,3.0,5,1971,1971,981,1,1,3,1,5,0,2,576,143250
7200,2.5,5,1950,1950,1048,1,0,3,1,7,0,2,420,98300
10452,3.0,5,1953,1953,1094,1,0,3,1,5,2,2,495,155000
7700,3.0,5,1966,1966,1839,1,1,4,1,7,1,2,442,155000
1936,2.0,6,1970,1970,630,1,0,1,1,3,0,0,0,84500
8125,3.5,6,2007,2007,1665,2,1,3,1,7,0,2,562,205950
9084,2.0,5,1940,1950,1510,1,0,4,1,7,1,1,296,108000
8750,3.5,5,1996,1996,1716,2,1,2,1,7,1,2,512,191000
10320,3.0,7,1906,1995,1469,1,0,3,1,7,0,1,216,135000
10437,4.0,6,1995,1995,2113,2,1,2,1,7,1,3,839,350000
1680,3.0,5,1971,1971,1092,1,1,3,1,6,0,1,264,88000
10007,2.5,7,1959,2006,1053,1,1,3,1,5,0,1,312,145500
7200,3.5,6,1931,2000,1502,1,1,3,1,6,1,1,270,149000
17503,3.0,5,1948,1950,1458,1,0,3,1,6,1,1,330,97500
9937,2.5,7,1964,1999,1486,1,0,3,1,7,0,2,480,167000
12384,3.5,7,1976,1976,1935,2,1,3,1,7,1,2,550,197900
46589,4.0,7,1994,2005,2448,2,1,4,1,8,1,3,711,402000
13560,3.0,3,1968,1968,1392,1,0,2,1,5,2,2,576,110000
10012,2.0,5,1972,1972,1181,2,0,3,1,6,0,2,588,137500
20896,4.0,5,2005,2006,2097,1,1,1,1,8,1,3,1134,423000
11194,4.0,5,2000,2000,1936,2,1,3,1,7,1,2,504,230500
18450,3.0,5,1965,1979,2380,2,1,3,1,7,1,2,596,129000
8125,3.0,5,1994,1998,1679,2,0,3,1,7,1,2,575,193500
14175,2.5,6,1956,1987,1437,1,1,3,1,6,1,2,576,168000
11600,2.0,5,1922,1950,1180,1,0,2,1,5,1,1,252,137500
8633,3.0,5,2005,2005,1476,2,1,3,1,7,0,2,540,173500
6629,3.0,6,1925,1950,1369,2,0,3,1,6,0,1,300,103600
11250,3.0,6,1977,1977,1208,1,1,3,1,6,1,2,546,165000
14442,3.0,7,1957,2004,1839,2,0,3,1,7,2,2,416,257500
9200,3.0,6,1965,1965,1136,1,0,3,1,5,1,1,384,140000
2289,3.0,6,1978,1978,1441,2,1,3,1,7,1,2,440,148500
9600,2.0,2,1900,1950,1774,2,0,4,2,8,0,3,779,87000
9022,2.5,8,1924,2006,792,1,0,2,1,5,0,1,240,109500
11844,4.0,5,2008,2008,2046,2,1,3,1,7,1,3,834,372500
9945,2.5,5,1961,1961,988,1,0,3,1,5,0,2,572,128500
8012,3.0,5,1980,1980,923,2,0,2,1,5,1,1,264,143000
4500,2.5,5,1932,2000,1520,1,0,3,1,6,0,1,281,159434
2887,3.0,5,1996,1997,1291,1,0,2,1,6,1,2,431,173000
11248,4.5,5,2002,2002,1668,2,0,3,1,7,1,3,702,285000
16770,3.5,5,1998,1998,1839,2,1,4,1,7,0,2,486,221000
5062,3.5,5,1984,1984,2090,2,0,3,1,6,1,2,577,207500
10207,3.5,6,2007,2007,1761,3,0,3,1,7,0,2,578,227875
5105,3.5,5,2004,2004,1102,2,1,2,1,4,0,2,480,148800
8089,4.0,6,2007,2007,1419,2,0,2,1,7,1,2,567,392000
7577,3.0,5,2005,2006,1362,2,0,2,1,6,1,2,460,194700
4426,3.0,5,2004,2004,848,1,0,1,1,3,1,2,420,141000
21535,5.0,6,1994,1995,4316,3,1,4,1,10,2,3,832,755000
26178,3.5,5,1989,1990,2519,2,1,4,1,9,2,2,628,335000
5400,2.5,6,1921,1968,1073,1,0,2,1,4,0,1,326,108480
6120,2.5,6,1936,1950,1539,1,1,3,1,5,0,2,576,141500
13811,3.0,6,1987,1987,1137,2,0,2,1,5,1,2,551,176000
6000,2.5,7,1921,1950,616,1,0,2,1,4,0,1,205,89000
6420,2.5,7,1952,1952,1148,1,0,2,1,6,0,1,308,123500
8450,2.5,8,1965,2009,894,1,0,3,1,5,1,1,336,138500
4282,3.5,5,2004,2004,1391,2,0,2,1,5,0,2,530,196000
14331,4.0,5,2002,2002,1800,2,0,3,1,7,1,3,765,312500
9600,3.5,5,1969,1969,1164,1,1,3,1,6,0,2,528,140000
12438,4.0,5,2006,2006,2576,2,1,4,1,10,1,3,666,361919
7630,2.5,9,1900,1996,1812,2,0,4,2,8,1,2,672,140000
8400,3.5,5,2004,2005,1484,2,0,3,1,7,0,2,606,213000
5600,2.0,5,1930,1950,1092,2,0,3,2,7,0,0,0,55000
115149,3.5,5,1971,2002,1824,2,0,2,1,5,2,2,739,302000
6240,4.0,5,2006,2006,1324,2,0,2,1,6,1,2,550,254000
9018,3.5,5,2007,2007,1456,2,1,3,1,8,1,2,400,179540
7162,2.5,7,1966,1966,904,1,0,3,1,6,0,1,408,109900
4130,1.5,6,1935,2003,729,1,0,2,1,5,0,0,0,52000
8712,2.0,7,1900,1950,1178,1,0,2,1,7,0,1,384,102776
4671,4.0,5,1988,1989,1228,2,0,2,1,5,1,2,472,189000
9873,2.0,5,1970,1970,960,1,0,3,1,6,0,2,576,129000
13517,3.0,8,1976,2005,1479,2,1,3,1,6,0,2,475,130500
10140,3.0,5,1974,1974,1350,2,0,3,1,7,1,2,478,165000
10800,3.5,8,1890,1998,2554,1,1,3,1,8,0,2,704,159500
10000,2.5,6,1973,2000,1178,1,1,3,1,5,1,2,439,157000
10542,3.5,5,1993,1994,2418,2,1,3,1,9,1,3,983,341000
9920,2.5,6,1969,1969,971,1,1,3,1,5,1,1,300,128500
6563,4.0,5,1985,1985,1742,2,0,2,1,5,1,2,564,275000
4426,3.0,5,2004,2004,848,1,0,1,1,3,0,2,420,143000
8120,2.0,7,1970,1970,864,1,0,3,1,5,0,2,463,124500
8172,2.0,6,1954,1972,1470,2,0,4,1,7,0,1,548,135000
13286,4.5,5,2007,2008,1698,2,0,3,1,8,1,3,768,320000
6960,2.0,6,1970,1970,864,1,0,3,1,5,0,2,660,120500
21695,3.0,9,1988,2007,1680,2,0,3,1,5,1,2,540,222000
7314,3.5,5,2007,2007,1232,2,0,2,1,6,0,2,632,194500
11475,2.5,5,1958,1958,1776,2,0,4,2,9,0,3,888,110000
6240,2.0,5,1925,1950,1208,1,0,2,1,5,0,2,539,103000
5389,4.0,5,1995,1996,1616,2,0,2,1,5,1,2,608,236500
9590,3.5,5,2003,2003,1146,2,0,3,1,6,1,2,438,187500
11404,3.5,5,1998,1999,2031,2,1,3,1,8,1,2,541,222500
10000,2.5,6,1961,1983,1144,1,0,3,1,6,1,1,264,131400
8978,2.5,5,1968,1968,948,1,0,3,1,6,0,1,300,108000
10800,3.5,7,1914,1970,1768,1,1,2,1,6,2,2,320,163000
8544,1.5,4,1950,1950,1040,2,0,2,2,6,0,2,400,93500
10463,4.0,5,2005,2005,1801,2,1,3,1,8,1,3,800,239900
10800,2.5,5,1987,1988,1200,3,0,3,1,5,0,0,0,179000
9313,3.5,5,2004,2004,1728,2,1,3,1,7,0,2,572,190000
9600,2.5,7,1910,2002,1432,2,0,2,1,7,0,2,360,132000
6768,3.0,8,1961,1996,912,1,0,3,1,5,0,1,288,142000
8450,3.5,5,2000,2001,1349,2,0,3,1,6,0,2,539,179000
12886,2.5,6,1963,1999,1464,2,0,3,1,6,1,2,480,175000
5395,4.0,5,1993,1993,1337,2,0,2,1,5,1,2,462,180000
8963,4.0,9,1976,1996,2715,3,1,4,1,11,2,2,831,299800
8795,3.5,5,2000,2000,2256,2,1,4,1,8,1,2,554,236000
11700,3.5,7,1880,2003,2640,1,1,4,1,8,1,4,864,265979
10593,3.5,5,1996,1996,1720,2,0,3,1,7,1,2,527,260400
8405,2.0,3,1945,1950,1529,2,0,4,1,9,0,1,240,98000
8800,2.0,7,1910,2004,1140,1,0,3,1,7,0,0,0,96500
7750,3.5,5,2003,2003,1320,2,1,3,1,6,0,2,400,162000
9236,3.0,5,1997,1997,1494,2,0,3,1,6,0,2,576,217000
10240,4.0,5,2005,2005,2098,2,1,3,1,8,1,3,878,275500
7930,3.0,8,1969,2005,1026,1,0,3,1,5,0,2,440,156000
3230,3.0,5,1999,1999,1471,2,1,3,1,6,0,2,440,172500
10769,4.0,5,2007,2007,1768,2,1,3,1,7,0,2,578,212000
11616,3.0,5,1978,1978,1386,2,1,3,1,6,1,2,440,158900
2280,3.5,5,1999,1999,1501,2,1,3,1,6,0,2,440,179400
12257,4.0,5,1995,1995,2531,2,1,4,1,9,1,3,752,290000
9100,3.0,6,1959,1959,864,1,0,2,1,5,0,1,300,127500
6911,2.5,5,1924,1950,1301,1,0,2,1,5,0,2,440,100000
8640,3.5,5,2009,2009,1547,2,1,3,1,7,0,2,614,215200
9430,4.0,5,1999,1999,2365,2,1,3,1,8,1,3,856,337000
9549,4.0,5,1995,1996,1494,1,1,2,1,6,1,2,481,270000
14587,4.5,5,2008,2008,1506,2,0,2,1,6,1,2,592,264132
10421,3.5,5,1988,1988,1714,2,1,3,1,7,1,2,496,196500
12508,3.0,7,1940,1985,1750,2,0,4,1,7,0,1,423,160000
9100,3.5,5,2004,2005,1836,2,0,3,1,8,1,2,484,216837
53504,4.0,5,2003,2003,3279,3,1,4,1,12,1,3,841,538000
7252,2.5,5,1982,1982,858,1,0,2,1,5,0,2,576,134900
8877,2.0,5,1951,1951,1220,1,0,2,1,6,0,2,396,102000
7819,3.0,5,1976,1976,1117,1,0,3,1,6,1,2,672,107000
10150,2.5,5,1958,1958,912,1,0,2,1,5,0,1,275,114500
14226,4.0,5,2006,2006,1973,2,0,3,1,9,1,3,895,395000
4500,3.0,5,1998,1998,1204,2,0,2,1,5,0,2,412,162000
11210,3.5,5,2005,2006,1614,2,0,3,1,7,0,3,865,221500
13350,2.5,5,1974,1974,894,1,0,3,1,5,1,2,440,142500
8400,2.5,5,1977,1977,2020,2,0,4,2,10,2,2,630,144000
10530,3.0,5,1977,1977,1004,1,0,2,1,4,0,2,504,135000
7875,3.5,5,1995,1996,1253,2,0,3,1,6,1,2,402,176000
7153,3.0,5,1992,1992,1603,2,1,3,1,7,0,2,484,175900
16285,3.5,5,2001,2002,1430,2,0,3,1,6,0,2,605,187100
9101,2.5,6,1978,1978,1110,1,0,1,1,4,1,2,602,165500
6300,3.0,6,1914,2001,1484,2,0,3,1,9,1,0,0,128000
9790,3.0,5,1967,1967,1342,2,0,3,1,7,1,2,457,161500
10800,2.5,6,1915,1950,1652,2,0,4,1,7,0,1,416,139000
10142,3.5,5,2004,2004,2084,2,1,4,1,8,0,2,618,233000
6000,2.0,7,1954,2000,901,1,0,2,1,4,0,1,281,107900
12205,3.0,8,1966,2007,2087,2,1,5,1,9,0,2,444,187500
3182,3.5,5,2005,2006,1145,2,0,2,1,5,1,2,397,160200
11333,3.0,5,1976,1976,1062,1,0,3,1,5,2,2,539,146800
9920,3.5,5,1996,1997,2013,2,1,3,1,8,1,2,455,269790
9158,4.0,5,2007,2007,1496,2,0,3,1,7,0,2,474,225000
10832,3.5,5,1994,1996,1895,2,1,3,1,7,1,2,409,194500
8400,3.0,6,1980,1981,1564,2,1,3,1,7,1,2,476,171000
8197,3.0,5,1977,1977,1285,1,1,3,1,7,1,2,528,143500
7677,2.5,5,1953,1953,773,1,0,2,1,4,0,1,240,110000
13518,4.5,5,2008,2009,3140,3,1,4,1,11,2,3,820,485000
7200,2.5,7,1937,1950,1768,1,1,3,1,7,2,1,240,175000
12798,3.0,5,1997,1997,1688,2,1,4,1,8,0,2,603,200000
4800,2.0,7,1916,1990,1196,1,0,2,1,5,0,2,440,109900
8199,3.5,5,2005,2005,1456,2,1,3,1,7,1,2,410,189000
13891,4.5,5,2008,2009,2822,3,1,4,1,12,1,3,1020,582933
9000,2.5,5,1954,1954,1128,1,0,2,1,5,0,1,286,118000
12274,3.5,5,2008,2008,1428,2,0,3,1,6,0,2,554,227680
9750,2.5,5,1967,1967,980,2,0,3,1,6,0,1,384,135500
21384,2.5,6,1923,2004,1576,1,1,3,1,6,1,2,528,223500
13400,2.5,5,1966,1966,1086,1,0,3,1,6,1,2,484,159950
8100,2.5,5,1898,1965,2138,2,0,2,3,11,0,2,360,106000
10140,3.0,6,1974,1999,1309,1,1,3,1,5,1,2,484,181000
4438,3.0,5,2004,2004,848,1,0,1,1,4,1,2,420,144500
8712,2.5,5,1952,1952,1044,1,0,2,1,4,0,2,504,55993
9750,3.0,6,1958,1958,1442,1,1,4,1,7,0,1,301,157900
8248,2.5,7,1918,1950,1250,1,1,3,1,7,0,1,280,116000
12137,3.5,5,1998,1998,1661,2,0,3,1,6,0,2,598,224900
11425,2.5,6,1954,1954,1008,1,0,2,1,4,1,1,275,137000
13265,4.0,5,2002,2002,1689,2,0,3,1,7,2,3,857,271000
8816,3.0,7,1971,1971,1052,1,0,3,1,6,0,2,440,155000
6371,3.5,5,2009,2010,1358,2,0,2,1,6,1,2,484,224000
7226,3.5,5,2003,2003,1640,2,1,3,1,6,0,2,595,183000
6000,2.0,4,1953,1953,936,1,0,2,1,4,0,2,576,93000
12394,3.5,5,2003,2003,1733,2,1,3,1,7,1,2,433,225000
9900,3.0,7,1940,1950,1489,2,0,3,1,7,1,1,240,139500
11216,4.0,5,2006,2006,1489,2,0,3,1,7,1,2,776,232600
14803,5.0,5,2007,2008,2084,2,0,2,1,7,1,3,1220,385000
6130,2.5,6,1924,1950,784,1,0,2,1,5,0,0,0,109500
8529,3.5,5,2001,2001,1434,2,0,3,1,6,1,2,527,189000
28698,2.5,5,1967,1967,2126,2,1,3,1,7,0,2,538,185000
2544,3.5,5,2005,2005,1223,2,1,2,1,4,0,2,480,147400
11900,3.0,5,1957,1957,1392,1,1,3,1,6,2,2,458,166000
3180,3.5,5,2005,2005,1200,2,1,2,1,4,0,2,480,151000
9548,3.5,6,2003,2003,1829,2,1,3,1,7,1,2,613,237000
10004,3.0,6,1964,1964,1516,1,1,3,1,6,0,2,472,167000
7875,2.5,6,1961,1961,1144,1,0,3,1,6,0,2,456,139950
9600,2.0,7,1950,1995,1067,2,0,2,1,4,0,2,436,128000
8100,2.5,6,1948,1973,1559,1,0,2,1,5,0,2,812,153500
1680,3.0,5,1973,1973,987,1,1,2,1,5,0,1,264,100000
9525,2.5,6,1995,2006,1099,1,1,3,1,6,0,1,352,144000
11767,2.5,6,1946,1995,1200,1,0,3,1,6,0,1,240,130500
12155,3.0,8,1925,1950,1482,2,0,4,1,7,0,1,400,140000
10440,2.5,8,1904,2002,1539,2,0,3,1,8,1,2,686,157500
9020,3.0,7,1966,1966,1165,1,1,3,1,6,0,2,490,174900
8000,2.5,4,1961,1961,1800,2,0,6,2,10,0,0,0,141000
12665,2.5,8,1915,1950,1416,1,1,4,1,7,1,3,720,153900
16647,2.5,5,1975,1981,1701,2,0,3,1,6,2,2,611,171000
9317,3.5,5,1993,1993,1775,2,1,3,1,7,1,2,425,213000
15523,2.5,6,1972,1972,864,1,0,3,1,5,1,1,338,133500
45600,3.0,8,1908,1997,2358,3,0,5,1,10,1,2,360,240000
9600,3.0,7,1976,1994,1855,2,1,3,1,7,1,2,512,187000
4435,3.0,5,2003,2003,848,1,0,1,1,3,0,2,420,131500
3196,4.0,5,2003,2003,1456,2,0,2,1,7,1,2,400,215000
7128,3.5,5,1941,1950,1646,2,0,4,1,7,2,1,240,164000
12095,3.0,6,1964,1964,1445,1,1,3,1,7,1,2,645,158000
17920,2.5,4,1955,1974,1779,1,1,3,1,6,1,2,454,170000
6897,2.5,8,1962,2010,1040,1,1,3,1,6,0,1,260,127000
10970,3.0,6,1978,1978,1026,1,0,3,1,5,0,2,576,147000
8125,3.0,5,1994,1995,1481,2,1,3,1,6,1,2,343,174000
10400,3.5,5,1976,1976,1370,2,0,3,1,6,1,2,479,152000
11029,3.0,7,1968,1984,2654,2,1,4,1,9,1,2,619,250000
7642,3.5,8,1918,1998,1426,1,1,3,1,7,1,1,216,189950
11625,2.5,4,1965,1965,1039,1,1,3,1,6,0,2,504,131500
9672,3.0,5,1984,1985,1097,2,0,3,1,6,0,2,480,152000
7931,2.5,5,1959,1959,1148,1,0,3,1,6,0,1,672,132500
8640,3.5,5,2007,2008,1372,2,0,3,1,6,0,2,529,250580
8750,2.5,6,1970,1970,1002,1,0,3,1,5,0,2,902,148500
10656,4.0,5,2006,2007,1646,2,0,3,1,6,1,3,870,248900
6970,2.0,5,1961,1961,1120,1,1,3,1,5,0,2,544,129000
14762,2.5,6,1948,1950,2320,2,0,2,1,7,1,2,672,169000
9938,3.5,5,1993,1994,1949,2,1,3,1,8,1,2,574,236000
6600,2.5,5,1962,1962,894,1,0,2,1,5,0,1,308,109500
8750,3.0,5,1998,1998,1682,2,1,3,1,7,0,2,523,200500
8892,2.5,7,1953,1996,910,1,0,3,1,5,0,2,414,116000
12144,2.5,7,1949,1950,1268,1,0,3,1,6,1,1,288,133000
5720,2.5,6,1941,1950,1131,1,1,3,1,5,0,1,200,66500
9000,4.0,5,2007,2007,2610,2,1,4,1,11,1,2,550,303477
25286,2.0,5,1963,1963,1040,1,0,3,1,5,0,2,648,132250
8834,4.5,5,2004,2005,2224,2,1,4,1,10,1,3,738,350000
11782,2.5,7,1961,1995,1155,1,0,3,1,6,0,2,576,148000
7000,2.5,8,1978,2005,864,1,0,3,1,6,0,1,336,136500
7024,2.5,5,2005,2006,1090,1,1,2,1,5,0,2,450,157000
13758,3.5,5,1990,1991,1717,2,1,3,1,7,1,2,400,187500
9636,3.0,5,1992,1993,1593,2,1,3,1,7,1,2,389,178000
6204,2.0,5,1912,1950,2230,1,0,5,1,10,0,1,440,118500
7150,2.5,5,1967,1967,892,1,0,3,1,5,0,1,288,100000
5119,4.5,5,1999,2000,1709,2,0,2,1,5,1,2,506,328900
8393,2.5,5,1959,2005,1712,2,0,4,2,8,0,2,588,145000
16466,2.5,7,1955,1955,1393,1,1,3,1,8,0,1,300,135500
15865,4.0,6,1970,1970,2217,2,0,4,1,8,1,2,621,268000
12160,3.0,4,1953,1953,1505,1,0,2,1,6,1,2,505,149500
8064,2.5,7,1949,2006,924,1,0,3,1,6,1,2,576,122900
11184,3.0,5,1978,1978,1683,2,1,3,1,7,1,2,440,172500
8414,3.0,8,1963,2003,1068,1,0,3,1,6,0,1,264,154500
13284,2.5,5,1954,1954,1383,1,0,3,1,6,1,1,354,165000
7018,2.5,5,1979,1979,1535,2,0,4,2,8,0,2,400,118858
7056,3.0,5,1963,1963,1796,1,1,4,1,8,1,2,483,140000
8765,2.0,6,1936,1950,951,1,0,2,1,6,0,1,327,106500
7018,2.5,5,1979,1979,2240,2,0,6,2,12,0,2,528,142953
12919,4.5,5,2009,2010,2364,2,1,2,1,11,2,3,820,611657
6993,2.5,7,1961,1994,1236,1,0,3,1,6,1,1,288,135000
7340,2.0,6,1971,1971,858,1,0,2,1,4,0,1,684,110000
8712,2.5,7,1957,2000,1306,1,0,2,1,5,0,1,756,153000
7875,3.5,5,2003,2003,1509,2,1,3,1,8,1,2,393,180000
14859,3.5,5,2006,2006,1670,2,0,3,1,7,1,3,690,240000
6173,2.5,6,1967,1967,902,1,0,3,1,6,0,1,288,125500
9920,2.5,5,1954,1954,1063,1,0,3,1,6,0,1,280,128000
13501,4.0,5,2006,2006,1636,2,0,3,1,8,1,3,865,255000
11500,3.5,7,1936,1987,2057,1,1,3,1,6,1,1,180,250000
8885,2.5,5,1983,1983,902,1,0,2,1,5,0,2,484,131000
12589,3.0,5,2005,2005,1484,2,1,3,1,8,1,2,390,174000
11600,2.5,5,1960,1960,2274,2,0,5,2,12,0,2,480,154300
9286,2.5,7,1977,1989,1268,1,1,3,1,5,0,1,252,143500
6120,2.5,7,1925,1950,1015,1,0,3,1,6,0,1,450,88000
6270,2.5,6,1949,1950,2002,2,0,4,2,8,0,3,871,145000
3000,3.0,5,2009,2009,1224,2,1,2,1,4,0,2,528,173733
2001,2.0,5,1970,1970,1092,1,1,3,1,6,0,1,286,75000
9000,1.0,3,1949,1950,480,0,0,1,1,4,0,1,308,35311
17140,2.0,6,1956,1956,1229,1,0,3,1,6,0,1,284,135000
13125,3.5,5,1991,1991,2127,2,1,4,1,8,1,3,833,238000
11029,3.0,8,1958,2002,1414,1,0,3,1,6,1,2,601,176500
8462,3.0,5,1994,1994,1721,2,1,3,1,7,0,2,471,201000
8777,2.5,7,1900,2003,2200,2,2,4,2,9,0,0,0,145900
10237,3.0,5,2005,2006,1316,2,0,3,1,6,1,2,397,169990
8012,3.0,5,1993,1994,1617,2,0,2,1,5,1,2,533,193000
10240,3.0,6,1980,1980,1686,2,0,3,1,7,1,2,612,207500
15611,2.5,6,1977,1977,1126,2,0,3,1,6,0,2,540,175000
11999,4.0,5,2003,2004,2374,2,1,4,1,10,1,3,656,285000
9900,3.5,5,1968,1968,1978,2,1,4,1,9,1,2,486,176000
11838,4.0,5,2001,2001,1788,2,0,3,1,7,1,2,522,236500
13006,3.5,5,1997,1997,2236,2,1,4,1,8,1,2,642,222000
8925,4.0,5,2007,2007,1466,2,0,3,1,7,0,3,610,201000
9100,2.5,6,1965,1965,925,1,0,2,1,5,0,1,429,117500
11670,4.5,5,2006,2006,1905,2,0,3,1,8,1,3,788,320000
8487,3.5,5,2004,2004,1500,2,0,3,1,6,0,2,570,190000
27650,3.5,7,1960,2007,2069,2,0,4,1,9,1,2,505,242000
5825,2.0,5,1926,1953,747,1,0,1,1,5,0,2,528,79900
10083,3.5,5,2003,2003,1200,2,0,2,1,5,0,2,555,184900
9675,3.5,5,2005,2005,1971,2,1,3,1,8,1,2,689,253000
8760,3.5,5,2006,2006,1962,2,1,3,1,7,0,3,868,239799
24090,3.5,7,1940,1950,2403,2,0,4,1,10,2,1,349,244400
12640,3.0,5,1976,1976,1728,2,0,4,2,8,0,2,574,150900
8755,3.5,5,1999,1999,2060,2,1,3,1,8,1,2,390,214000
7711,2.0,3,1977,1977,1440,2,0,4,2,8,0,0,0,150000
25000,2.5,4,1967,1967,1632,2,0,4,2,8,0,2,576,143000
14375,3.0,6,1958,1958,1344,1,0,3,1,7,1,2,525,137500
8820,2.5,6,1890,1996,1869,1,0,2,1,7,0,2,456,124900
8163,2.5,6,1959,1959,1144,1,0,3,1,6,1,1,796,143000
14536,4.0,5,2002,2003,1629,2,0,3,1,9,1,3,808,270000
14006,3.5,5,2002,2002,1776,2,1,3,1,7,1,2,474,192500
9360,3.0,7,1972,2006,1381,1,1,3,1,5,1,2,676,197500
7200,2.5,8,1950,2002,864,1,0,3,1,5,0,2,720,129000
7800,2.5,5,1965,1965,965,1,0,3,1,6,0,1,300,119900
7200,2.5,8,1972,2003,768,1,0,2,1,5,0,1,396,133900
11075,2.5,4,1969,1969,1968,2,1,4,1,7,1,2,530,172000
9400,3.0,5,1975,1975,980,2,0,4,0,4,0,0,0,127500
7136,3.0,6,1946,1950,1958,2,0,4,2,8,0,2,492,145000
1300,3.0,6,1980,1980,1229,1,1,2,1,5,1,2,462,124000
7420,2.5,5,1962,1962,1057,1,0,3,1,6,0,2,576,132000
8450,3.5,5,2003,2003,1337,2,0,3,1,6,0,2,531,185000
2572,3.5,5,1999,1999,1416,2,1,3,1,6,0,2,484,155000
7207,2.5,7,1958,2008,858,1,0,2,1,4,0,0,0,116500
12227,3.0,7,1977,1995,2872,2,1,4,1,11,1,2,619,272000
2308,3.0,6,1976,1976,1548,2,1,3,1,7,1,2,440,155000
11923,4.5,5,2007,2007,1800,2,0,2,1,7,0,2,702,239000
11316,3.5,5,2002,2003,1894,2,1,4,1,8,1,2,510,214900
10237,3.0,5,2005,2007,1484,2,1,3,1,8,1,2,393,178900
9600,2.5,7,1940,1950,1308,1,1,2,1,7,2,1,256,160000
7390,2.5,7,1955,1955,1098,1,0,3,1,6,0,1,260,135000
5925,1.5,6,1910,1950,968,1,0,2,1,6,0,0,0,37900
10382,3.0,5,1958,1958,1095,1,0,2,1,6,0,1,264,140000
10800,2.0,4,1949,1950,1192,1,1,4,1,6,0,0,0,135000
2268,3.5,5,2003,2004,1626,2,0,2,1,6,0,2,474,173000
7892,3.0,5,1979,1979,918,2,0,2,1,5,1,1,264,99500
11639,3.5,5,2007,2008,1428,2,0,3,1,6,0,2,480,182000
11414,3.5,8,1910,1993,2019,1,0,3,1,8,0,2,532,167500
2651,3.5,5,2000,2000,1382,2,1,3,1,6,0,2,490,165000
5900,2.0,7,1923,1958,869,1,0,2,1,4,0,0,0,85500
4274,3.5,5,2006,2007,1241,1,1,1,1,4,0,2,569,199900
9450,2.0,5,1954,1954,894,1,0,3,1,5,0,2,400,110000
8816,2.5,6,1963,1963,1121,1,0,3,1,5,0,2,480,139000
12122,3.5,9,1961,2007,999,1,0,3,1,6,0,2,588,178400
12203,4.0,5,1998,1999,2612,2,1,4,1,8,1,3,676,336000
3182,3.5,5,2007,2007,1266,2,0,2,1,6,1,2,388,159895
11250,4.0,5,2002,2002,2290,2,1,4,1,9,1,2,779,255900
10125,2.5,5,1977,1977,1734,2,0,4,2,8,0,2,539,126000
10880,2.5,5,1950,1950,1164,1,0,3,1,5,0,1,240,125000
5310,3.0,8,1910,2003,1635,1,0,2,1,5,0,1,255,117000
10159,4.5,5,2009,2010,1940,2,1,3,1,8,1,3,606,395192
12046,3.0,6,1976,1976,2030,2,1,4,1,8,1,2,551,195000
8125,3.5,5,2006,2006,1576,2,1,3,1,6,0,2,614,197000
9452,4.0,5,1997,1998,2392,2,1,3,1,7,1,3,870,348000
17671,4.0,9,1882,1986,1742,1,1,4,1,8,1,2,424,168000
9760,3.0,8,1964,1993,1851,2,1,3,1,7,1,2,440,187000
8846,3.0,5,2005,2006,1500,2,1,3,1,6,0,2,564,173900
12456,5.0,5,2006,2007,1718,2,0,3,1,7,1,3,786,337500
4712,2.0,7,1946,1950,1230,1,1,3,1,5,0,1,305,121600
10659,2.5,6,1961,1961,1050,1,0,3,1,6,0,1,368,136500
11717,3.0,6,1970,1970,1442,2,0,2,1,6,1,2,615,185000
9786,1.5,4,1922,1950,1077,1,0,3,1,6,1,1,210,91000
6762,3.5,5,2006,2006,1208,2,0,2,1,6,0,2,632,206000
10206,1.5,3,1952,1952,944,1,0,2,1,4,0,2,528,82000
5400,2.5,6,1920,1950,691,1,0,2,1,4,0,1,216,86000
11957,4.0,5,2006,2006,1574,2,0,3,1,7,1,3,824,232000
11500,2.5,6,1976,1976,1680,2,0,4,2,8,0,2,528,136905
3182,3.5,5,2005,2006,1504,2,0,1,1,7,1,2,457,181000
8385,2.5,8,1977,1977,985,2,0,3,1,6,0,1,328,149900
12155,3.0,3,1970,1970,1657,2,0,3,1,7,1,2,484,163500
2217,2.0,4,1970,1970,1092,1,1,3,1,6,0,1,286,88000
12118,3.5,5,2004,2005,1710,2,0,3,1,7,1,2,550,240000
6000,2.5,5,1926,1950,1522,2,0,4,1,7,0,0,0,102000
21286,2.5,5,1948,1950,1271,2,0,4,1,7,1,1,312,135000
9825,2.5,5,1965,1965,1664,2,0,4,2,8,0,0,0,100000
10592,3.0,7,1923,1996,1502,1,1,3,1,7,2,1,180,165000
7200,2.5,4,1910,2006,1022,1,0,2,1,4,0,1,280,85000
11664,3.0,5,1948,1950,1082,1,0,2,1,5,1,1,240,119200
8400,4.0,6,2001,2001,1665,2,1,3,1,6,0,2,528,227000
11883,3.5,5,1996,1996,1504,2,0,3,1,6,1,2,478,203000
5814,4.0,5,1984,1984,1360,1,0,1,1,4,1,2,565,187500
10784,3.5,5,1991,1992,1472,2,1,3,1,7,1,2,402,160000
3013,3.5,5,2005,2005,1506,2,0,2,1,6,1,2,440,213490
7024,2.0,5,2005,2005,1132,1,1,2,1,5,0,2,451,176000
7406,3.5,5,2006,2006,1220,2,0,2,1,6,0,2,632,194000
9439,2.5,5,1930,1950,1248,1,0,2,1,6,0,1,160,87000
3182,3.5,5,2005,2006,1504,2,0,2,1,7,1,2,437,191000
15498,4.0,6,1976,1976,2898,2,0,2,1,10,1,2,665,287000
7700,2.5,5,1972,1972,882,1,0,3,1,5,0,2,461,112500
9300,2.5,5,1960,1960,1264,1,0,3,1,6,2,2,461,167500
9520,4.0,5,2007,2008,1646,2,0,3,1,7,1,3,800,293077
9492,2.5,5,1941,1950,1376,1,0,3,1,6,1,1,240,105000
1680,3.0,7,1972,1972,1218,1,1,3,1,7,0,1,264,118000
7082,2.5,8,1916,1995,1928,2,0,5,2,10,0,0,0,160000
15863,3.5,3,1920,1970,3082,2,1,5,1,12,2,2,672,197000
14541,4.0,7,1993,1993,2520,2,1,5,1,10,1,3,796,310000
8125,3.5,5,2002,2002,1654,2,0,3,1,6,0,3,900,230000
6305,2.5,7,1938,1950,954,1,0,2,1,5,1,1,240,119750
11500,2.0,3,1957,1957,845,1,0,3,1,5,0,1,290,84000
12898,4.5,5,2007,2008,1620,2,0,2,1,6,1,3,912,315500
9240,4.0,5,2001,2002,2263,2,1,3,1,7,1,2,905,287000
1533,2.0,6,1970,2008,1344,1,1,3,1,6,1,0,0,97000
1477,2.0,4,1970,1970,630,1,0,1,1,3,0,1,286,80000
13125,2.5,4,1957,2000,1803,2,0,3,1,8,1,2,484,155000
9130,3.0,8,1966,2000,1632,1,1,4,1,7,0,2,484,173000
5381,3.0,5,2005,2005,1306,2,0,1,1,5,1,2,624,196000
11839,3.5,5,1990,1990,2329,2,1,4,1,10,1,2,514,262280
9600,4.0,5,1981,1981,2524,2,1,4,1,9,1,2,542,278000
13680,1.5,5,1955,1955,1733,2,0,4,1,8,1,2,452,139600
16056,4.5,5,2005,2006,2868,3,1,4,1,11,1,3,716,556581
9245,2.5,5,1994,1995,990,1,0,3,1,5,0,2,672,145000
21750,2.5,4,1960,2006,1771,1,0,3,1,9,1,2,336,115000
11100,2.0,7,1946,2006,930,1,0,2,1,6,0,1,308,84900
8993,3.5,5,2007,2007,1302,2,0,3,1,6,0,2,436,176485
11175,3.5,5,2007,2007,1316,2,0,3,1,6,1,2,440,200141
9500,3.0,6,1964,1978,1977,1,1,4,1,9,1,2,540,165000
8562,2.5,6,1957,2002,1526,1,0,4,1,7,1,1,364,144500
11367,4.0,5,2002,2002,1989,2,1,3,1,7,1,2,586,255000
11361,3.0,5,1976,1976,1523,2,0,3,1,7,1,2,478,180000
7052,3.5,5,2005,2005,1364,2,0,2,1,6,1,2,484,185850
29959,3.5,6,1994,1994,1850,2,1,3,1,7,1,2,467,248000
11308,4.5,5,2008,2008,2184,2,1,3,1,10,1,3,836,335000
11275,3.0,7,1932,1950,1991,1,1,3,1,7,1,2,432,220000
4920,4.0,5,2001,2001,1338,2,0,2,1,6,0,2,582,213500
18000,1.5,4,1935,1950,894,1,0,2,1,6,0,3,1248,81000
13600,2.5,5,1900,1950,2337,2,0,5,2,10,0,2,560,90000
6000,3.0,6,1925,1980,1103,1,0,2,1,5,1,2,440,110500
11000,2.5,6,1966,1966,1154,1,1,3,1,6,1,2,480,154000
14000,3.5,5,1996,1997,2260,2,1,3,1,7,0,2,533,328000
7837,3.0,7,1993,1994,1571,2,1,3,1,7,1,2,380,178000
9760,3.0,6,1964,1964,1611,1,1,4,1,7,0,2,442,167900
3964,3.0,4,1973,1973,2521,2,1,5,1,10,1,2,576,151400
9600,2.5,7,1949,2003,893,1,0,2,1,4,0,2,576,135000
10152,2.5,5,1956,1956,1048,1,0,3,1,6,0,1,286,135000
11700,3.0,6,1968,1968,1556,1,1,4,1,8,0,2,441,154000
7585,2.5,3,1948,1950,1456,1,0,4,1,7,1,1,280,91500
7950,3.0,6,1977,1977,1426,1,1,3,1,6,0,2,440,159500
8556,3.5,5,2006,2006,1240,2,0,2,1,5,0,3,826,194000
13125,3.5,6,1940,1984,1740,1,1,3,1,6,2,1,240,219500
10800,2.5,8,1936,1989,1466,2,0,3,1,7,1,2,566,170000
15870,2.5,5,1969,1969,1096,1,0,3,1,6,0,1,299,138800
4435,3.0,5,2004,2004,848,1,0,1,1,3,1,2,420,155900
8775,2.5,5,1994,1994,990,1,0,3,1,5,0,1,299,126000
11040,3.0,7,1971,2004,1258,2,0,3,1,5,0,2,528,145000
7500,2.5,5,1963,1963,1040,1,1,3,1,5,0,1,308,133000
8749,3.5,5,2002,2002,1459,2,0,3,1,6,1,2,527,192000
8800,3.0,6,1964,1964,1251,1,0,3,1,6,2,1,461,160000
13031,3.0,5,1995,1996,1498,2,1,3,1,6,1,2,409,187500
9069,3.0,6,1992,1992,996,1,0,2,1,5,0,2,564,147000
1974,2.0,5,1973,1973,1092,1,1,3,1,6,0,1,286,83500
10574,4.0,5,2005,2006,1953,2,1,3,1,9,1,3,1043,252000
2522,3.5,5,2004,2004,1709,2,0,3,1,7,0,2,380,137500
3316,4.0,5,2005,2005,1247,1,1,1,1,4,1,2,550,197000
8544,1.5,4,1950,1950,1040,2,0,2,2,6,0,2,400,92900
2160,3.5,5,1999,2000,1252,2,1,2,1,4,0,2,462,160000
8400,3.0,5,1925,1950,1694,2,0,4,1,7,1,2,576,136500
9230,2.5,8,1965,1998,1200,1,1,1,1,6,0,2,884,146000
5868,2.5,7,1956,2000,936,1,0,2,1,4,0,1,308,129000
9317,3.0,5,2006,2006,1314,2,0,3,1,6,1,2,440,176432
6882,3.0,7,1914,2006,1355,1,1,3,1,7,0,0,0,127000
3696,4.0,5,1986,1986,1088,1,1,2,1,5,0,2,461,170000
6000,2.0,6,1936,1950,1324,1,0,3,1,6,0,1,240,128000
11880,3.5,5,1978,1978,1601,2,0,3,1,7,1,2,478,157000
8400,1.0,5,1920,1950,438,1,0,1,1,3,0,1,246,60000
9758,2.5,5,1971,1971,950,1,0,3,1,5,0,1,280,119500
7000,2.5,7,1960,2002,1134,1,0,2,1,6,0,1,254,135000
8910,3.0,6,1959,1959,1194,1,0,3,1,6,1,2,539,159500
2016,2.5,5,1970,1970,1302,2,1,3,1,6,0,2,440,106000
12256,4.0,5,1994,1995,2622,2,1,3,1,9,2,2,712,325000
10357,3.5,5,1990,1991,1442,2,0,3,1,6,1,2,719,179900
23257,3.5,5,2006,2006,2021,2,1,3,1,9,1,2,422,274725
8063,3.0,5,2000,2000,1690,2,1,3,1,7,1,2,463,181000
11362,4.0,5,2004,2005,1836,2,0,3,1,7,1,3,862,280000
8000,3.0,5,1995,1996,1658,2,1,3,1,8,1,2,431,188000
10480,3.5,6,1976,1976,1964,2,1,4,1,8,1,2,483,205000
7100,2.5,7,1957,1957,816,1,0,2,1,5,0,1,308,129900
8923,2.5,7,1953,2006,1008,1,0,2,1,6,0,1,240,134500
5400,2.5,7,1954,2000,833,1,0,2,1,4,0,1,326,117000
12085,4.0,5,2007,2007,1734,2,0,3,1,7,1,3,928,318000
7750,4.0,5,2002,2002,1419,2,1,3,1,7,1,2,527,184100
9764,2.5,7,1967,2003,894,1,0,3,1,5,0,2,450,130000
13825,2.5,6,1958,1987,1601,1,0,3,1,6,0,1,300,140000
7560,2.5,5,1959,1959,1040,1,0,3,1,6,0,1,286,133700
8263,3.0,5,1920,1950,1012,1,0,2,1,6,1,1,308,118400
10084,3.5,5,2005,2006,1552,2,0,3,1,7,0,3,782,212900
8926,2.0,3,1956,1956,960,1,0,3,1,5,0,1,288,112000
9405,2.5,9,1947,2008,698,1,0,2,1,4,0,0,0,118000
9125,3.5,5,1992,1992,1482,2,1,3,1,7,1,2,392,163900
10434,2.0,5,1955,1955,1005,1,0,2,1,5,1,2,672,115000
3684,3.5,5,2007,2007,1555,2,0,2,1,7,1,3,660,174000
14572,3.5,5,2004,2004,1530,2,0,3,1,7,1,3,630,259000
11796,3.5,5,2004,2005,1959,2,1,4,1,8,1,2,434,215000
7200,2.5,5,1980,1980,936,1,0,2,1,4,0,2,672,140000
7804,2.0,3,1928,1950,1981,2,0,4,1,7,2,2,576,135000
10712,2.5,5,1991,1992,974,1,0,3,1,5,0,0,0,93500
9900,3.0,4,1880,1950,2210,2,0,5,1,8,0,1,205,117500
9828,4.0,5,1995,1995,2020,2,1,3,1,8,1,2,466,239500
8773,3.0,5,1997,1997,1600,2,1,3,1,7,1,2,460,169000
6180,3.0,5,1926,1950,986,1,0,2,1,5,1,1,180,102000
9600,3.0,5,1950,1950,1252,1,0,3,1,6,0,1,288,119000
6342,2.5,8,1875,1996,1020,1,0,2,1,6,0,0,0,94000
9819,3.0,5,1977,1977,1567,2,0,2,1,5,2,2,714,196000
8731,2.5,5,1920,1950,1167,1,0,3,1,6,1,2,495,144000
7350,2.5,7,1951,1951,952,1,0,2,1,4,0,2,840,139000
10304,2.5,7,1976,1976,1868,2,1,4,1,9,1,2,484,197500
9965,4.0,5,2006,2007,2828,3,0,4,1,11,1,3,1052,424870
9000,2.5,3,1959,1959,1006,1,0,3,1,5,0,0,0,80000
12180,2.0,4,1941,1950,924,1,0,2,1,5,0,1,280,80000
6240,2.5,6,1928,1950,1576,1,0,3,1,8,1,1,225,149000
11200,3.0,5,1985,1985,1298,2,0,3,1,5,1,2,403,180000
12000,3.5,7,1941,1950,1564,1,1,3,1,7,1,1,234,174500
5700,3.5,7,1926,1950,1111,1,0,2,1,5,1,1,288,116900
9000,3.5,9,1920,1988,1482,1,0,3,1,7,0,2,324,143000
8280,3.0,5,1950,1950,932,1,0,2,1,4,1,1,306,124000
17755,2.5,4,1959,1959,1466,1,1,3,1,6,2,2,528,149900
14115,3.0,7,1956,2004,1811,1,0,2,1,6,1,2,470,230000
5890,3.0,8,1930,2007,816,1,0,2,1,5,0,1,432,120500
13700,3.5,6,1965,1988,1820,1,2,4,1,8,2,2,492,201800
10768,2.5,8,1976,2004,1437,2,0,3,1,6,1,2,528,218000
9350,2.5,8,1965,1999,1265,2,0,3,1,6,1,2,502,179900
5001,3.5,5,2007,2008,1314,2,0,2,1,6,1,2,626,230000
11932,4.0,5,2007,2008,1580,2,0,3,1,7,0,3,830,235128
9120,3.0,6,1974,1974,1876,2,1,4,1,8,1,2,540,185000
2280,3.0,5,1978,1978,1456,2,1,3,1,7,1,2,440,146000
14778,3.0,7,1954,2006,1640,1,0,3,1,7,1,2,924,224000
8724,2.5,5,1968,1968,894,1,0,3,1,5,1,2,450,129000
12900,2.0,4,1969,1969,1258,0,2,0,2,6,0,2,400,108959
16157,2.5,7,1978,1978,1432,1,1,2,1,5,1,2,588,194000
9541,3.5,5,2009,2009,1502,2,0,3,1,7,0,2,644,233170
10475,4.0,5,2008,2008,1694,2,0,3,1,7,0,3,776,245350
10852,3.0,5,2000,2000,1671,2,1,3,1,7,1,2,472,173000
13728,3.0,7,1935,1986,2108,2,0,4,1,7,2,2,540,235000
35760,5.0,5,1995,1996,3627,3,1,4,1,10,1,3,807,625000
9880,3.0,6,1977,1977,1118,1,0,3,1,6,1,1,358,171000
9120,3.0,6,1958,1958,1261,1,0,3,1,6,1,2,433,163000
4017,3.5,5,2006,2007,1250,2,1,2,1,5,0,2,625,171900
18030,2.5,6,1946,1994,3086,3,0,3,1,12,1,0,0,200500
16560,3.0,8,1932,1950,2345,2,1,4,1,9,1,2,360,239000
10678,4.0,5,1992,2000,2872,2,1,4,1,9,1,2,541,285000
6951,2.5,5,1984,1985,923,1,0,3,1,5,0,1,264,119500
3950,3.0,8,1926,2004,1224,1,0,3,1,5,0,1,210,115000
7681,2.5,6,1921,1950,1343,1,1,3,1,7,1,1,186,154900
8335,2.5,5,1954,1954,1124,1,0,3,1,5,1,0,0,93000
11170,3.5,5,1990,1991,2514,2,1,4,1,8,0,2,693,250000
5587,4.0,5,2008,2008,1652,2,0,2,1,5,1,2,482,392500
15623,5.0,5,1996,1996,4476,3,1,4,1,10,2,3,813,745000
10800,2.5,6,1920,1950,1130,1,0,2,1,5,1,2,720,120000
35133,2.5,4,1963,1963,1572,1,1,3,1,5,2,3,995,186700
9738,2.5,7,1924,1950,1221,1,0,4,1,7,0,1,392,104900
10615,1.5,5,1900,1970,1699,2,0,3,2,7,0,2,420,95000
12461,4.0,5,1994,1995,1624,2,0,2,1,5,1,3,757,262000
8935,3.5,5,2002,2002,1660,2,1,3,1,7,0,2,493,195000
7500,3.5,5,1999,1999,1804,2,1,3,1,7,1,2,442,189000
32463,2.0,4,1961,1975,1622,1,0,3,1,7,1,4,1356,168000
2645,4.0,5,1999,2000,1441,2,1,2,1,5,0,2,492,174000
9600,2.5,8,1925,1994,1472,1,0,3,1,6,0,1,250,125000
4500,3.0,5,1999,1999,1224,2,0,2,1,5,0,2,402,165000
9364,3.0,7,1969,1969,1352,1,1,4,1,7,0,1,299,158000
8029,3.0,5,2005,2005,1456,2,1,3,1,8,0,2,400,176000
14054,3.5,5,2006,2006,1863,2,1,4,1,9,1,3,660,219210
8850,3.5,6,1916,1950,1690,1,0,3,1,7,1,1,225,144000
9100,3.5,5,2001,2001,1212,2,0,3,1,6,0,2,573,178000
11235,2.0,5,1963,1979,1382,1,1,3,1,6,1,2,459,148000
9353,2.0,5,1970,1970,864,1,0,3,1,5,0,1,280,116050
10400,3.5,5,1998,1998,1779,2,1,3,1,6,0,2,546,197900
6000,2.5,8,1925,1997,1348,1,0,3,1,5,1,1,216,117000
9750,3.5,5,2000,2001,1630,2,0,3,1,6,1,2,451,213000
10140,2.5,6,1975,1975,1074,1,1,3,1,6,0,2,495,153500
14684,3.5,7,1990,1991,2196,2,0,3,1,7,1,3,701,271900
8900,2.0,4,1966,1966,1056,1,0,2,1,5,0,1,384,107000
9135,3.0,5,2003,2003,1700,2,0,3,1,7,0,2,544,200000
7763,2.5,7,1962,1980,1283,1,0,3,1,6,0,2,506,140000
10182,4.0,5,2006,2006,1660,2,0,3,1,8,1,2,500,290000
11218,3.0,5,1992,1992,1845,2,1,3,1,8,1,2,462,189000
12134,4.0,7,1988,2005,1752,2,0,4,1,8,0,2,492,164000
9340,2.0,6,1941,1950,672,1,0,2,1,4,0,1,234,113000
10246,2.0,9,1965,2001,960,0,0,0,1,3,0,1,364,145000
10205,2.5,5,1962,1962,999,1,0,3,1,6,0,1,300,134500
7094,2.5,5,1966,1966,894,1,0,3,1,5,0,1,384,125000
8930,3.0,5,1978,1978,1902,2,0,4,2,8,0,2,539,112000
8640,4.0,5,2009,2009,1314,2,0,3,1,6,0,2,552,229456
6240,2.0,5,1947,1950,912,1,0,2,1,3,0,0,0,80500
1680,3.0,5,1971,1971,1218,1,1,3,1,7,0,0,0,91500
7800,2.5,5,1964,1964,912,1,0,2,1,5,0,1,288,115000
8250,2.5,5,1968,1968,1211,1,0,3,1,5,1,1,322,134000
10496,3.0,6,1949,1950,1846,2,0,3,1,7,1,1,315,143000
10680,2.5,3,1951,1951,2136,2,0,4,1,7,0,2,528,137900
15384,3.5,5,2004,2005,1490,2,1,3,1,8,1,2,388,184000
10482,3.0,8,1958,1958,1138,1,0,3,1,6,0,1,264,145000
14598,3.0,5,2007,2007,1933,2,1,4,1,9,1,3,668,214000
8872,2.5,8,1965,2008,912,1,0,2,1,5,0,2,576,147000
8769,4.5,5,2008,2008,1702,1,1,1,1,7,1,3,1052,367294
7910,2.5,5,1960,1960,1507,2,0,4,1,7,0,1,404,127000
18890,2.5,5,1977,1977,2620,2,2,4,2,12,1,2,600,190000
7728,2.5,6,1962,1962,1190,1,0,3,1,6,0,2,540,132500
9842,2.0,5,1962,1962,1224,2,0,2,2,6,0,2,462,101800
12160,2.5,5,1959,1959,1188,1,0,3,1,6,0,2,531,142000
8525,2.5,6,1911,1950,1964,1,1,4,1,7,0,0,0,130000
13132,2.5,5,1914,1950,1784,1,1,4,1,9,0,1,180,138887
2628,3.5,5,2003,2003,1626,2,1,2,1,6,0,2,474,175500
12393,3.5,5,2004,2005,1948,2,1,4,1,8,1,2,434,195000
13072,3.0,5,2005,2005,1141,1,1,3,1,6,0,2,484,142500
9037,4.0,5,2006,2006,1484,2,0,2,1,6,1,2,472,265900
8158,3.5,5,2003,2003,1768,2,1,3,1,8,0,2,543,224900
9849,3.5,6,2007,2007,1689,2,0,3,1,7,0,3,954,248328
10625,3.5,6,1974,1974,1173,2,0,3,1,6,2,2,528,170000
13891,5.0,5,2006,2006,2076,2,1,2,1,7,1,3,850,465000
11435,4.0,7,1929,1950,1517,1,0,3,1,7,2,2,400,230000
12090,3.0,7,1984,2003,1868,3,1,3,1,7,1,2,477,178000
8125,3.5,5,2005,2006,1553,2,1,3,1,6,0,2,615,186500
12328,3.0,5,1976,1976,1034,1,0,3,1,6,0,3,888,169900
9600,3.0,5,1917,1950,2058,1,1,3,1,8,1,2,396,129500
7200,2.5,7,1950,1950,988,1,0,3,1,6,0,1,276,119000
11160,3.5,5,1968,1968,2110,2,1,3,1,8,2,2,522,244000
3136,3.5,5,2003,2003,1405,2,0,2,1,6,1,2,478,171750
9858,2.5,6,1968,1968,874,1,0,3,1,5,0,1,288,130000
17542,3.5,7,1974,2003,2167,2,1,3,1,9,2,2,518,294000
6931,3.5,5,2003,2004,1656,2,1,3,1,7,1,2,397,165400
6240,3.0,6,1931,1950,1367,1,0,3,1,6,1,1,560,127500
14303,4.0,5,1994,1994,1987,2,0,2,1,7,1,2,691,301500
4060,2.5,8,1922,1950,864,1,0,2,1,4,0,0,0,99900
9587,3.5,5,2005,2005,1166,2,0,2,1,5,0,2,400,190000
9750,3.0,8,1969,1969,1054,1,1,3,1,6,0,2,460,151000
24682,3.0,5,1999,1999,1675,2,1,3,1,7,1,2,502,181000
9600,2.5,6,1956,1956,1050,1,0,2,1,5,0,1,338,128900
11250,2.0,5,1957,1989,1788,1,0,5,1,8,2,1,304,161500
13515,3.0,6,1919,1950,1824,1,0,3,1,8,1,2,520,180500
4060,3.0,5,1998,1999,1337,2,0,2,1,5,0,2,511,181000
3735,3.5,5,1999,1999,1452,2,1,3,1,6,0,2,506,183900
10120,3.5,4,1910,1950,1889,1,1,4,2,9,1,1,308,122000
13214,4.5,5,2008,2009,2018,2,0,3,1,10,1,3,746,378500
14100,4.0,9,1935,1997,3447,3,1,4,1,11,2,3,1014,381000
11344,2.5,5,1958,1958,1524,1,1,3,1,7,0,1,315,144000
23595,3.5,6,1979,1979,1524,0,1,0,1,4,1,2,586,260000
9156,3.0,7,1968,1968,1489,2,0,3,1,7,1,2,462,185750
13526,2.5,6,1965,1965,935,1,0,3,1,5,0,1,288,137000
11512,3.0,7,1959,2006,1357,1,0,2,1,5,1,1,312,177000
5362,2.5,6,1910,2003,1250,2,0,3,1,8,1,2,552,139000
11345,2.5,5,1948,1950,1920,2,0,4,2,10,0,2,400,137000
12936,3.0,6,1972,1972,1395,1,1,3,1,6,1,2,497,162000
17871,3.0,5,1967,1976,1724,1,1,3,1,7,1,2,480,197900
9473,4.0,5,2002,2002,2031,2,1,3,1,7,1,2,577,237000
7500,2.0,4,1920,1950,1128,1,0,2,1,6,0,2,528,68400
9808,3.5,5,2002,2002,1573,2,0,3,1,6,0,2,544,227000
8049,3.5,5,1990,1990,1339,2,0,2,1,6,1,2,484,180000
8800,2.5,7,1977,2008,1040,2,0,3,1,5,0,2,484,150500
9400,3.0,5,1971,1971,1824,2,2,4,2,8,0,0,0,139000
9638,3.0,7,1919,1990,2447,2,0,4,1,10,1,1,336,169000
6000,3.0,6,1939,1950,1412,1,0,4,1,6,1,1,280,132500
9790,3.0,5,1963,1963,1328,1,1,3,1,6,2,2,528,143000
36500,2.5,5,1964,1964,1582,2,0,4,1,7,0,2,390,190000
5664,4.0,5,2000,2000,1659,2,0,2,1,5,1,2,499,278000
11065,4.0,5,2006,2006,1970,2,1,3,1,8,1,3,753,281000
14112,2.5,7,1964,1964,1152,1,0,3,1,6,1,2,484,180500
1680,2.5,7,1972,1972,1302,2,1,3,1,6,0,1,264,119500
6600,2.5,4,1892,1965,2372,2,0,4,2,11,0,1,432,107500
10140,3.5,5,1976,1976,1664,2,1,4,1,8,1,2,528,162900
8172,2.5,7,1955,1990,864,1,0,2,1,5,0,2,572,115000
8400,2.5,5,1968,1968,1052,1,1,3,1,5,0,1,288,138500
8700,2.5,6,1963,1963,1128,2,0,3,1,6,0,2,525,155000
3675,3.0,5,2005,2006,1072,2,0,2,1,5,0,2,525,140000
63887,5.0,5,2008,2008,5642,2,1,3,1,12,3,2,1418,160000
7500,2.5,7,1959,1994,1246,1,1,3,1,6,0,1,305,154000
10762,3.5,5,1999,1999,1983,2,1,3,1,9,1,2,490,225000
7500,3.0,7,1942,1950,1494,1,0,3,1,7,2,1,213,177500
10120,4.0,5,1994,1994,2526,2,1,4,1,8,1,3,844,290000
8688,3.5,5,2005,2005,1616,2,0,3,1,7,0,3,834,232000
3363,3.5,5,2004,2004,1708,2,0,3,1,7,0,2,380,130000
13173,4.5,5,2006,2007,1652,2,0,2,1,6,2,2,840,325000
6955,3.5,5,2005,2006,1368,2,0,2,1,6,1,2,474,202500
8072,2.5,5,1994,1995,990,1,0,3,1,5,0,2,480,138000
12000,2.5,7,1948,2005,1122,1,0,2,1,6,0,2,528,147000
7153,3.0,5,1991,1991,1294,2,0,3,1,6,0,2,496,179200
17500,3.5,8,1959,2002,1902,2,0,3,1,7,2,2,567,335000
8814,3.5,5,2005,2007,1274,2,0,3,1,6,0,2,508,203000
9572,4.0,5,1990,1990,2810,2,1,4,1,9,1,2,750,302000
14774,4.5,5,1999,1999,2599,2,1,4,1,10,1,3,779,333168
8190,2.0,6,1954,1954,948,1,0,3,1,5,1,1,280,119000
11075,3.0,5,1969,1969,2112,2,1,4,1,9,2,2,576,206900
10226,4.0,5,2008,2008,1630,2,0,3,1,8,1,3,860,295493
4230,3.5,5,2006,2007,1352,2,0,2,1,5,1,2,466,208900
14781,4.0,5,2001,2002,1787,2,0,3,1,7,1,3,748,275000
10215,2.0,5,1954,1954,948,1,0,3,1,5,0,1,248,111000
8400,3.0,3,1957,1957,1478,1,1,3,1,6,2,2,442,156500
6627,1.5,6,1949,1950,720,1,0,2,1,4,0,1,287,72500
10186,3.5,5,1992,1992,1923,2,1,3,1,8,1,2,564,190000
5330,2.0,7,1940,1950,708,1,0,2,1,5,0,0,0,82500
9986,4.0,5,2006,2007,1795,2,0,2,1,7,1,3,895,147000
3636,2.0,4,1922,1950,796,1,0,2,1,5,0,0,0,55000
4270,1.5,6,1931,2006,774,1,0,3,1,6,0,0,0,79000
6600,2.5,9,1982,2008,816,1,0,3,1,5,1,1,264,130500
10440,3.0,7,1920,1950,2792,2,0,5,1,8,2,2,520,256000
9084,3.5,5,1998,1998,1632,2,1,3,1,8,1,2,462,176500
10000,4.0,5,2006,2006,1588,2,0,3,1,7,1,3,825,227000
10780,2.5,5,1976,1976,954,1,0,3,1,6,0,2,576,132500
8877,2.0,6,1938,1958,816,1,0,2,1,3,1,1,288,100000
7200,2.5,6,1938,1995,1360,1,1,2,1,6,0,1,297,125500
2368,2.5,6,1970,1970,1365,1,1,3,1,7,0,2,440,125000
9650,3.0,5,1977,1977,1334,2,0,2,1,6,1,2,630,167900
9246,2.5,5,1973,1973,1656,2,0,4,2,8,0,2,506,135000
4118,2.0,4,1941,1950,693,1,0,2,1,4,0,0,0,52500
13450,3.5,5,2002,2002,1861,2,1,3,1,8,0,2,492,200000
9560,2.5,7,1972,1972,864,1,0,3,1,5,0,1,288,128500
8294,2.0,5,1971,1971,872,1,0,3,1,5,0,4,480,123000
13695,3.0,5,2003,2004,1114,1,0,3,1,6,0,2,576,155000
9375,4.0,5,2002,2002,2169,2,1,3,1,7,1,2,647,228500
7558,3.0,6,1928,1950,1913,1,1,3,1,9,1,2,342,177000
11103,3.5,5,2006,2006,1456,2,1,3,1,8,1,2,440,155835
6000,2.0,4,1920,1950,960,1,0,2,1,5,0,1,308,108500
20781,3.5,7,1968,2003,2156,2,0,3,1,9,1,2,508,262500
15306,4.0,5,2006,2007,1776,2,0,3,1,7,1,3,712,283463
16196,3.5,5,1998,1998,1494,2,0,3,1,5,1,2,514,215000
5250,4.0,5,1872,1987,2358,2,0,4,1,8,0,0,0,122000
11643,2.5,5,1969,1969,2634,2,2,6,2,12,0,4,968,200000
9247,3.0,6,1962,1962,1716,1,1,4,1,8,1,2,490,171000
6000,3.0,9,1937,2000,1176,1,0,2,1,4,0,2,624,134900
14720,4.0,5,1995,1996,3238,2,1,4,1,9,1,3,666,410000
10316,3.5,5,2000,2000,1865,2,1,3,1,7,1,3,839,235000
10192,3.5,6,1968,1992,1920,3,0,4,1,8,1,2,487,170000
9477,2.5,5,1966,1966,892,1,0,3,1,5,0,1,264,110000
12537,2.5,6,1971,2008,1078,1,1,3,1,6,1,2,500,149900
2117,3.0,5,2000,2000,1573,2,1,3,1,5,0,2,440,177500
16737,4.5,5,2004,2005,1980,2,0,3,1,8,1,3,770,315000
9842,2.5,6,1921,1998,2601,3,1,4,1,8,0,2,621,189000
16158,3.5,5,2005,2005,1530,2,0,3,1,7,1,2,430,260000
12513,2.0,4,1920,2007,1738,2,0,4,1,7,1,1,368,104900
8499,3.0,5,2006,2007,1412,2,1,3,1,6,1,2,432,156932
3180,3.5,5,2005,2005,1200,2,1,2,1,4,0,2,480,144152
7500,3.5,5,2000,2000,1674,2,1,3,1,7,0,2,663,216000
9179,3.5,5,1999,1999,1790,2,1,3,1,7,0,2,588,193000
2665,2.5,6,1977,1977,1475,2,0,4,1,6,1,1,336,127000
4435,3.0,5,2003,2004,848,1,0,1,1,4,0,2,420,144000
10635,4.0,5,2003,2003,1668,2,0,3,1,8,1,2,502,232000
5400,2.0,6,1920,1950,1374,1,0,2,1,6,0,1,338,105000
9600,3.0,6,1955,1996,1661,1,0,3,1,8,1,1,377,165500
9750,3.5,6,1998,1998,2097,2,1,3,1,8,1,2,583,274300
11400,5.0,5,2001,2002,2633,2,1,2,1,8,2,3,804,466500
10625,3.5,5,2005,2005,1958,2,1,3,1,9,1,3,936,250000
10991,4.0,5,2007,2007,1571,2,0,3,1,7,1,3,722,239000
6292,3.0,5,1930,1950,790,1,0,2,1,4,0,1,160,91000
10998,2.5,5,1941,1960,1604,2,0,3,1,6,0,2,660,117000
1953,3.0,5,1973,1973,987,1,1,2,1,5,0,1,264,83000
9735,2.5,5,2006,2007,1394,2,1,3,1,7,0,2,400,167500
8212,1.5,3,1914,1950,864,1,0,2,1,5,0,1,200,58500
12925,3.0,7,1970,1970,2117,2,1,4,1,7,2,2,550,237500
7200,3.5,7,1920,1950,1762,1,1,4,1,8,0,2,576,157000
25339,2.5,7,1918,2007,1416,2,0,3,1,7,0,2,576,112000
9060,3.0,5,1939,1950,1258,1,0,2,1,6,0,1,280,105000
5436,2.0,8,1922,2007,1154,1,0,3,1,7,0,1,240,125500
16692,3.5,5,1978,1978,2784,3,1,5,1,12,2,2,564,250000
8520,3.0,7,1916,1950,2526,2,0,5,1,10,1,1,216,136000
14892,4.5,5,2006,2007,1746,2,0,3,1,7,2,3,758,377500
6000,3.0,6,1941,1950,1218,1,0,3,1,6,1,2,440,131000
9100,3.5,5,2000,2000,1525,2,0,3,1,6,0,2,541,235000
8944,2.5,5,1967,1967,1584,2,0,4,2,8,0,3,792,124000
7838,2.5,5,1967,1967,900,1,0,3,1,6,1,1,288,123000
10800,3.0,7,1905,2000,1912,2,0,3,2,7,1,2,672,163000
4045,3.5,5,2006,2006,1500,2,0,2,1,6,1,3,648,246578
12665,4.0,5,2005,2006,2482,2,1,4,1,9,1,3,642,281213
57200,2.5,5,1948,1950,1687,1,0,3,1,7,2,2,572,160000
6120,2.5,8,1920,2004,1513,1,1,4,1,8,0,1,180,137500
7200,2.5,4,1950,1982,1904,1,1,3,1,7,0,1,240,138000
6171,3.0,6,1925,1990,1608,2,1,3,1,7,1,1,216,137450
6000,3.0,7,1929,1950,1158,1,0,3,1,5,1,1,208,120000
7415,3.0,5,2004,2004,1593,2,1,3,1,8,1,2,398,193000
6762,3.5,5,2006,2006,1294,2,0,2,1,6,1,2,662,193879
15256,4.0,5,2007,2007,1464,2,0,3,1,6,0,3,754,282922
10410,1.5,4,1915,1950,1214,1,0,3,1,6,0,3,936,105000
3842,4.0,5,2004,2005,1646,2,0,2,1,5,1,2,482,275000
8445,2.5,7,1972,2007,768,1,0,2,1,5,0,2,396,133000
8780,2.5,5,1985,1985,833,1,0,3,1,5,0,0,0,112000
7740,2.0,7,1910,1950,1363,1,0,3,1,6,0,2,528,125500
20544,3.5,6,1986,1991,2093,2,1,3,1,7,1,2,542,215000
12420,3.5,5,2001,2001,1840,2,1,3,1,6,0,2,622,230000
9600,3.0,8,1950,2005,1668,1,1,3,1,6,0,1,271,140000
7200,2.0,5,1949,1950,1040,2,0,2,2,6,0,2,420,90000
10994,4.0,5,2005,2006,1844,2,0,2,1,7,1,2,620,257000
13053,3.0,7,1923,2000,1848,1,1,4,1,8,1,2,370,207000
3635,3.5,5,2007,2007,1569,2,0,1,1,7,1,3,660,175900
11340,2.0,6,1885,1950,2290,2,0,4,2,11,0,2,560,122500
16545,4.0,5,1998,1998,2450,2,1,3,1,7,1,3,1069,340000
9204,2.5,5,1963,1963,1144,1,1,3,1,6,0,1,336,124000
16381,3.0,5,1969,1969,1844,2,0,3,1,7,1,2,540,223000
11700,3.0,6,1968,1968,1416,2,1,3,1,7,1,2,776,179900
4043,3.0,5,1977,1977,1069,2,0,2,1,4,1,2,440,127500
4435,3.0,5,2003,2003,848,1,0,1,1,3,0,2,420,136500
19690,3.0,7,1966,1966,2201,2,0,4,1,8,1,2,432,274970
9503,2.5,5,1958,1983,1344,1,0,2,1,6,1,1,484,144000
10721,3.0,6,1959,1959,1252,1,0,3,1,7,0,2,528,142000
10944,3.5,5,1994,1994,2127,2,1,3,1,5,2,2,525,271000
10930,2.5,6,1945,1950,1558,1,1,3,1,6,1,1,288,140000
7200,2.5,7,1940,1992,804,1,0,2,1,4,2,1,240,119000
12546,3.0,7,1981,1981,1440,2,0,3,1,7,1,2,467,182900
21930,2.5,5,2005,2005,1838,2,1,4,1,7,1,2,372,192140
4928,3.0,6,1976,1976,958,2,0,2,1,5,0,2,440,143750
10800,2.0,6,1927,2007,968,2,0,4,1,5,0,1,216,64500
10261,3.0,5,2000,2000,1792,2,1,3,1,8,1,2,451,186500
17400,2.5,5,1977,1977,1126,2,0,3,1,5,1,2,484,160000
8400,3.0,9,1962,2005,1537,1,1,3,1,7,1,2,462,174000
9000,2.0,6,1971,1971,864,1,0,3,1,5,0,2,528,120500
12444,4.0,5,2008,2008,1932,2,0,2,1,7,1,3,774,394617
7407,3.0,7,1957,1996,1236,1,0,2,1,6,0,2,923,149700
11584,3.5,6,1979,1979,1725,2,1,3,1,6,1,2,550,197000
11526,3.0,7,1922,1994,2555,2,0,3,1,11,1,2,672,191000
4426,3.0,5,2004,2004,848,1,0,1,1,3,1,2,420,149300
11003,5.0,5,2008,2008,2007,2,1,3,1,10,1,3,812,310000
8854,3.0,6,1916,1950,952,1,0,2,1,4,1,1,192,121000
8500,3.5,5,2004,2004,1422,2,0,3,1,7,0,2,626,179600
8400,3.0,5,1966,1966,913,1,0,3,1,6,0,1,240,129000
26142,2.5,7,1962,1962,1188,1,0,3,1,6,0,1,312,157900
10000,4.0,5,1995,1996,2090,2,1,3,1,8,1,2,556,240000
11767,2.0,7,1910,2000,1346,1,1,2,1,6,0,1,384,112000
1533,2.5,7,1970,1970,630,1,0,1,1,3,0,0,0,92000
9000,2.5,5,1974,1974,1792,2,2,4,2,8,0,0,0,136000
9262,4.0,5,2008,2009,1578,2,0,3,1,7,1,3,840,287090
3675,2.5,5,2005,2005,1072,1,0,2,1,5,0,2,525,145000
17217,2.5,5,2006,2006,1140,1,0,3,1,6,0,0,0,84500
7500,3.5,5,2004,2005,1221,2,0,2,1,6,0,2,400,185000
7917,3.0,5,1999,2000,1647,2,1,3,1,7,1,2,460,175000
13175,3.0,6,1978,1988,2073,2,0,3,1,7,2,2,500,210000
9042,3.5,9,1941,2006,2340,2,0,4,1,9,2,1,252,266500
9717,2.5,6,1950,1996,1078,1,0,2,1,5,0,1,240,142125
9937,2.5,6,1965,1965,1256,1,1,3,1,6,0,1,276,147500
